movie_name,release_year,certificate,duration,genre,star,metascore,votes
Zack Snyder's Justice League,2021,18,242 min,"Action, Adventure, Fantasy",8.1,54        ,"307,081"
Aspirants,2021– ,not rated,45 min,Drama,9.7,nil,"272,234"
WandaVision,2021,12,350 min,"Action, Comedy, Drama",8.1,nil,"186,720"
Radhe,2021,not rated,135 min,"Action, Crime, Thriller",1.8,nil,"163,592"
Godzilla vs. Kong,2021,12,113 min,"Action, Sci-Fi, Thriller",6.4,59        ,"146,473"
Army of the Dead,2021,16,148 min,"Action, Crime, Horror",5.8,57        ,"122,280"
The Falcon and the Winter Soldier,2021,12,50 min,"Action, Adventure, Drama",7.4,nil,"119,141"
Mortal Kombat,2021,16,110 min,"Action, Adventure, Fantasy",6.2,44        ,"117,688"
Nobody,I 2021,16,92 min,"Action, Crime, Drama",7.4,64        ,"111,084"
Raya and the Last Dragon,2021,PG,107 min,"Animation, Action, Adventure",7.4,75        ,"86,787"
Cruella,2021,12,134 min,"Comedy, Crime",7.4,59        ,"78,923"
Lupin,2021– ,12,45 min,"Action, Crime, Drama",7.5,nil,"75,407"
Invincible,2021– ,not rated,364 min,"Animation, Action, Adventure",8.8,nil,"69,646"
Cash Truck,2021,16,119 min,"Action, Crime, Thriller",7.2,57        ,"65,669"
The Little Things,2021,16,128 min,"Crime, Drama, Mystery",6.3,54        ,"64,138"
Mare of Easttown,2021,not rated,410 min,"Crime, Drama, Mystery",8.5,nil,"63,491"
The Mitchells vs the Machines,2021,6,113 min,"Animation, Adventure, Comedy",7.7,80        ,"62,444"
Master,2021,not rated,179 min,"Action, Thriller",7.9,nil,"60,286"
Coming 2 America,2021,PG-13,110 min,Comedy,5.3,52        ,"58,467"
The Dig,2021,12,112 min,"Biography, Drama, History",7.1,73        ,"58,114"
The Conjuring: The Devil Made Me Do It,2021,16,112 min,"Horror, Mystery, Thriller",6.4,53        ,"55,731"
Shadow and Bone,2021– ,not rated,nil,"Action, Adventure, Drama",7.7,nil,"55,625"
Tandav,2021– ,not rated,30 min,"Drama, Thriller",3.7,nil,"55,398"
 Shingeki no kyojin,2013–2021,not rated,24 min,"Animation, Action, Adventure",9.9,nil,"54,384"
Loki,2021– ,12,nil,"Action, Adventure, Fantasy",8.9,nil,"52,959"
The Woman in the Window,2021,16,100 min,"Crime, Drama, Mystery",5.7,41        ,"52,044"
Judas and the Black Messiah,2021,16,126 min,"Biography, Drama, History",7.5,85        ,"51,879"
The White Tiger,2021,16,125 min,"Crime, Drama",7.1,76        ,"50,499"
Friends: The Reunion,2021 TV Special,6,104 min,"Comedy, Romance",8.1,nil,"46,090"
Behind Her Eyes,2021,16,298 min,"Drama, Mystery, Thriller",7.2,nil,"45,431"
Tom Clancy's Without Remorse,2021,R,109 min,"Action, Thriller, War",5.8,41        ,"42,424"
 Shingeki no kyojin,2013–2021,not rated,24 min,"Animation, Action, Adventure",9.9,nil,"39,888"
Luca,2021,6,95 min,"Animation, Adventure, Comedy",7.6,71        ,"39,573"
 Shingeki no kyojin,2013–2021,not rated,24 min,"Animation, Action, Adventure",9.9,nil,"38,198"
Outside the Wire,2021,16,114 min,"Action, Adventure, Fantasy",5.4,45        ,"36,397"
Stowaway,2021,not rated,116 min,"Drama, Sci-Fi, Thriller",5.6,63        ,"35,007"
Thunder Force,2021,9,106 min,"Action, Adventure, Comedy",4.4,34        ,"34,373"
Those Who Wish Me Dead,2021,16,100 min,"Action, Drama, Thriller",6.0,59        ,"34,137"
Ginny & Georgia,2021– ,12,nil,"Comedy, Drama",7.5,nil,"33,654"
Boss Level,2021,16,94 min,"Action, Mystery, Sci-Fi",6.9,56        ,"32,638"
The Serpent,2021,not rated,458 min,"Crime, Drama, Thriller",7.7,nil,"31,368"
Jupiter's Legacy,2021,not rated,56 min,"Action, Adventure, Drama",6.8,nil,"29,838"
Fate: The Winx Saga,2021– ,not rated,nil,"Action, Adventure, Drama",6.9,nil,"29,646"
Malcolm & Marie,2021,14,106 min,"Drama, Romance",6.7,53        ,"29,274"
The Mauritanian,2021,16,129 min,"Drama, Thriller",7.4,53        ,"28,726"
Drishyam 2,2021,not rated,152 min,"Crime, Drama, Thriller",8.7,nil,"27,654"
Sweet Tooth,2021– ,not rated,nil,"Action, Adventure, Drama",8.0,nil,"26,253"
Palmer,2021,R,110 min,Drama,7.3,53        ,"25,854"
Tom & Jerry,2021,6,101 min,"Animation, Comedy, Family",5.3,32        ,"24,975"
Oxygène,2021,12,100 min,"Drama, Fantasy, Sci-Fi",6.5,67        ,"24,972"
Spiral: From the Book of Saw,2021,16,93 min,"Crime, Horror, Mystery",5.3,40        ,"24,468"
Chaos Walking,2021,12,109 min,"Action, Adventure, Fantasy",5.7,38        ,"24,418"
Seaspiracy,2021,16,89 min,"Documentary, Adventure",8.2,nil,"24,010"
 Shingeki no kyojin,2013–2021,not rated,24 min,"Animation, Action, Adventure",9.6,nil,"23,763"
Raketsonyeondan,2021– ,not rated,80 min,"Comedy, Drama, Sport",1.0,nil,"23,753"
Bo Burnham: Inside,2021 TV Special,not rated,87 min,"Comedy, Drama, Music",8.8,nil,"23,117"
Cherry,2021,R,142 min,"Crime, Drama",6.6,44        ,"23,098"
Things Heard & Seen,2021,16,121 min,"Drama, Horror, Mystery",5.3,49        ,"22,368"
Resident Alien,2021– ,not rated,44 min,"Comedy, Drama, Mystery",8.2,nil,"21,737"
It's a Sin,2021,12,239 min,"Comedy, Drama, History",8.7,nil,"21,724"
Anne Boleyn,2021– ,not rated,60 min,"Drama, History",3.9,nil,"21,613"
 WandaVision,2021,12,30 min,"Action, Comedy, Drama",7.5,nil,"21,472"
Redemption Day,2021,R,99 min,"Action, Drama, Thriller",6.5,22        ,"21,412"
In the Heights,2021,AL,143 min,"Drama, Music, Musical",7.6,84        ,"21,216"
 WandaVision,2021,12,35 min,"Action, Comedy, Drama",8.9,nil,"20,395"
 WandaVision,2021,12,37 min,"Action, Comedy, Drama",7.8,nil,"20,315"
F9,2021,12,145 min,"Action, Adventure, Crime",5.5,58        ,"20,267"
 WandaVision,2021,12,42 min,"Action, Comedy, Drama",9.1,nil,"20,041"
Seungriho,2021,not rated,136 min,"Action, Adventure, Drama",6.6,64        ,"19,756"
Moxie,2021,12,111 min,"Comedy, Drama, Music",6.7,54        ,"19,623"
Night Stalker: The Hunt for a Serial Killer,2021,16,189 min,"Documentary, Crime, Mystery",7.5,nil,"19,383"
 Loki,2021– ,12,51 min,"Action, Adventure, Fantasy",8.8,nil,"19,183"
Bad Trip,2021,16,86 min,Comedy,6.6,61        ,"19,065"
 WandaVision,2021,12,33 min,"Action, Comedy, Drama",8.2,nil,"18,721"
Yes Day,2021,AL,86 min,"Comedy, Family",5.7,46        ,"18,124"
To All the Boys: Always and Forever,2021,AL,109 min,"Comedy, Drama, Romance",6.3,65        ,"18,115"
 WandaVision,2021,12,47 min,"Action, Comedy, Drama",9.0,nil,"17,944"
 WandaVision,2021,12,50 min,"Action, Comedy, Drama",8.4,nil,"17,831"
El inocente,2021,not rated,467 min,"Crime, Drama, Mystery",7.9,nil,"17,699"
Wrong Turn,2021,16,109 min,"Horror, Thriller",5.5,46        ,"17,508"
 WandaVision,2021,12,38 min,"Action, Comedy, Drama",8.9,nil,"17,424"
 Shingeki no kyojin,2013–2021,not rated,24 min,"Animation, Action, Adventure",9.3,nil,"16,810"
 WandaVision,2021,12,38 min,"Action, Comedy, Drama",8.5,nil,"16,277"
Firefly Lane,2021– ,16,nil,"Drama, Romance",7.5,nil,"16,028"
 Loki,2021– ,12,53 min,"Action, Adventure, Fantasy",9.0,nil,"15,546"
Bajocero,2021,18,106 min,"Action, Adventure, Crime",6.2,nil,"15,532"
Karnan,2021,not rated,158 min,"Action, Drama",8.3,nil,"15,479"
The Marksman,2021,16,108 min,"Action, Drama, Thriller",5.6,44        ,"15,219"
Superman and Lois,2021– ,not rated,42 min,"Action, Adventure, Drama",7.9,nil,"15,170"
 The Falcon and the Winter Soldier,2021,12,47 min,"Action, Adventure, Drama",7.7,nil,"15,166"
Infinite,2021,PG-13,106 min,"Action, Sci-Fi, Thriller",5.4,28        ,"14,937"
Willy's Wonderland,2021,16,88 min,"Action, Comedy, Horror",5.6,44        ,"14,882"
Crime Scene: The Vanishing at the Cecil Hotel,2021,12,219 min,"Documentary, Crime, Mystery",5.9,nil,"14,692"
Fatherhood,2021,PG-13,109 min,"Comedy, Drama",6.7,53        ,"14,679"
The Map of Tiny Perfect Things,2021,PG-13,98 min,"Comedy, Fantasy, Romance",6.8,61        ,"14,518"
The Nevers,2021– ,16,58 min,"Action, Drama, Fantasy",7.4,nil,"14,347"
 Shingeki no kyojin,2013–2021,not rated,24 min,"Animation, Action, Adventure",9.7,nil,"13,975"
 The Falcon and the Winter Soldier,2021,12,53 min,"Action, Adventure, Drama",8.8,nil,"13,719"
Bliss,I 2021,R,103 min,"Drama, Romance, Sci-Fi",5.3,40        ,"13,656"
Them,2021– ,not rated,45 min,"Drama, Horror, Thriller",7.3,nil,"13,440"
Awake,III 2021,16,96 min,"Action, Adventure, Drama",4.8,35        ,"13,370"
 The Falcon and the Winter Soldier,2021,12,47 min,"Action, Adventure, Drama",7.9,nil,"13,106"
 Shingeki no kyojin,2013–2021,not rated,24 min,"Animation, Action, Adventure",8.9,nil,"13,000"
 Shingeki no kyojin,2013–2021,not rated,24 min,"Animation, Action, Adventure",9.8,nil,"12,952"
The Irregulars,2021,not rated,nil,"Crime, Drama, Fantasy",5.9,nil,"12,219"
 Shingeki no kyojin,2013–2021,not rated,24 min,"Animation, Action, Adventure",9.7,nil,"12,195"
 The Falcon and the Winter Soldier,2021,12,51 min,"Action, Adventure, Drama",8.0,nil,"12,123"
 Loki,2021– ,12,42 min,"Action, Adventure, Fantasy",7.9,nil,"12,061"
 Shingeki no kyojin,2013–2021,not rated,24 min,"Animation, Action, Adventure",9.1,nil,"12,009"
The Big Bull,2021,not rated,153 min,"Biography, Crime, Drama",6.1,nil,"11,623"
Dota: Dragon's Blood,2021– ,not rated,25 min,"Animation, Action, Adventure",8.0,nil,"11,485"
 Shingeki no kyojin,2013–2021,not rated,24 min,"Animation, Action, Adventure",9.2,nil,"11,441"
 The Falcon and the Winter Soldier,2021,12,49 min,"Action, Adventure, Drama",7.8,nil,"11,440"
 The Falcon and the Winter Soldier,2021,12,57 min,"Action, Adventure, Drama",8.0,nil,"11,296"
 Shingeki no kyojin,2013–2021,not rated,24 min,"Animation, Action, Adventure",9.7,nil,"11,238"
Red Dot,2021,16,86 min,"Drama, Horror, Thriller",5.5,nil,"11,204"
Clarkson's Farm,2021– ,not rated,45 min,Documentary,9.3,nil,"10,554"
The One,2021– ,not rated,nil,"Crime, Drama, Sci-Fi",6.6,nil,"10,486"
Star Wars: The Bad Batch,2021– ,not rated,nil,"Animation, Action, Adventure",8.4,nil,"10,374"
The Unholy,2021,16,99 min,"Drama, Horror, Mystery",5.0,36        ,"10,352"
Deadly Illusions,2021,R,114 min,"Drama, Thriller",3.7,nil,"10,278"
Vakeel Saab,2021,not rated,153 min,"Action, Crime, Drama",7.9,nil,"10,144"
Kagittan Hayatlar,2021,12,96 min,Drama,6.7,nil,"9,873"
¿Quién Mató a Sara?,2021– ,not rated,nil,"Crime, Drama, Mystery",6.4,nil,"9,864"
Tribes of Europa,2021– ,16,nil,"Action, Adventure, Drama",6.8,nil,"9,671"
The United States vs. Billie Holiday,2021,14,126 min,"Biography, Drama, Music",6.3,52        ,"9,652"
Azizler,2021,9,96 min,"Comedy, Drama",6.1,nil,"9,368"
Harga,2021– ,not rated,nil,Drama,9.7,nil,"9,309"
Halston,2021,14,240 min,"Biography, Drama",7.5,nil,"9,245"
Iste Bu Benim Masalim,2021,not rated,40 min,"Musical, Romance",1.5,nil,"9,225"
Voyagers,2021,12,108 min,"Adventure, Sci-Fi, Thriller",5.4,44        ,"9,003"
De wensdraak,2021,6,98 min,"Animation, Adventure, Comedy",7.2,60        ,"8,998"
Way Down,2021,9,118 min,"Action, Adventure, Thriller",6.4,50        ,"8,834"
Jagame Thandhiram,2021,not rated,158 min,"Action, Crime, Drama",6.1,nil,"8,827"
 Loki,2021– ,12,48 min,"Action, Adventure, Fantasy",9.5,nil,"8,593"
Locked Down,I 2021,R,118 min,"Comedy, Crime, Romance",5.2,42        ,"8,409"
Barb and Star Go to Vista Del Mar,2021,PG-13,107 min,Comedy,6.4,64        ,"8,387"
 The Walking Dead,2010–2022,16,50 min,"Drama, Horror, Thriller",9.3,nil,"8,007"
Finding 'Ohana,2021,9,123 min,"Action, Adventure, Comedy",6.1,69        ,"7,890"
The Ice Road,2021,12,109 min,"Adventure, Drama, Thriller",5.5,41        ,"7,822"
The Married Woman,2021– ,not rated,30 min,"Drama, Romance",9.4,nil,"7,551"
Mumbai Saga,2021,not rated,135 min,"Action, Crime",6.1,nil,"7,393"
The Girl on the Train,2021,16,120 min,"Crime, Drama, Mystery",4.4,nil,"7,363"
Ferry,2021,18,106 min,"Action, Crime, Drama",7.0,nil,"7,359"
Time,2021– ,not rated,59 min,"Crime, Drama",8.5,nil,"7,263"
The Equalizer,2021– ,not rated,nil,"Action, Crime, Drama",4.8,nil,"7,214"
Pagglait,2021,12,114 min,"Comedy, Drama",6.9,nil,"7,196"
" Love, Death & Robots",2019– ,16,18 min,"Animation, Short, Comedy",8.1,nil,"7,179"
 Invincible,2021– ,not rated,45 min,"Animation, Action, Adventure",9.7,nil,"7,112"
 Aspirants,2021– ,not rated,46 min,Drama,9.6,nil,"6,893"
Kaagaz,2021,not rated,109 min,"Biography, Comedy, Drama",7.5,nil,"6,851"
Sandeep Aur Pinky Faraar,2021,not rated,125 min,"Comedy, Crime, Drama",6.3,nil,"6,806"
Cosmic Sin,2021,R,88 min,"Action, Adventure, Sci-Fi",2.5,9        ,"6,782"
Binsenjo,2021– ,not rated,80 min,"Comedy, Crime, Romance",8.6,nil,"6,740"
 Invincible,2021– ,not rated,48 min,"Animation, Action, Adventure",9.6,nil,"6,731"
" Love, Death & Robots",2019– ,16,12 min,"Animation, Short, Comedy",6.5,nil,"6,666"
Sentinelle,2021,16,80 min,"Action, Crime, Drama",4.7,nil,"6,640"
Debris,2021,not rated,nil,"Drama, Mystery, Sci-Fi",6.5,nil,"6,521"
Roohi,2021,16,134 min,"Comedy, Horror",4.3,nil,"6,496"
Sherni,2021,not rated,131 min,Drama,7.0,nil,"6,485"
Operation Varsity Blues: The College Admissions Scandal,2021,AL,99 min,"Documentary, Crime, Drama",7.0,70        ,"6,475"
" Love, Death & Robots",2019– ,16,18 min,"Animation, Short, Comedy",7.9,nil,"6,426"
Joji,2021,not rated,113 min,"Crime, Drama",7.9,nil,"6,392"
Methagu,2021,not rated,nil,"Biography, History",9.8,nil,"6,388"
Music,2021,PG-13,107 min,"Drama, Musical",3.1,23        ,"6,371"
Clarice,2021– ,not rated,60 min,"Crime, Drama, Mystery",6.5,nil,"6,367"
" Love, Death & Robots",2019– ,16,13 min,"Animation, Short, Comedy",6.1,nil,"6,326"
Bang Baang,2021– ,not rated,18 min,"Action, Thriller",6.8,nil,"6,316"
Hitman's Wife's Bodyguard,2021,16,100 min,"Action, Comedy, Crime",6.5,32        ,"6,266"
SAS: Red Notice,2021,R,124 min,"Action, Thriller",4.9,nil,"6,245"
Fatma,2021– ,not rated,40 min,"Crime, Drama, Thriller",7.5,nil,"6,236"
Sunflower,2021– ,not rated,36 min,"Comedy, Crime",7.7,nil,"6,209"
Sky Rojo,2021– ,16,31 min,"Action, Adventure, Crime",6.5,nil,"6,208"
Tell Me Your Secrets,I 2021– ,not rated,nil,"Crime, Drama, Mystery",7.4,nil,"6,200"
 Invincible,2021– ,not rated,47 min,"Animation, Action, Adventure",9.0,nil,"6,156"
Snabba Cash,2021– ,16,52 min,"Action, Crime, Drama",7.6,nil,"6,148"
Walker,2021– ,not rated,nil,"Action, Crime, Drama",5.9,nil,"6,117"
 The Walking Dead,2010–2022,16,43 min,"Drama, Horror, Thriller",4.1,nil,"6,040"
The Mosquito Coast,2021– ,not rated,nil,"Adventure, Drama, Thriller",7.0,nil,"5,960"
 Aspirants,2021– ,not rated,38 min,Drama,9.6,nil,"5,939"
 The New York Times Presents,2020– ,not rated,74 min,Documentary,6.9,nil,"5,932"
Jathi Ratnalu,2021,not rated,145 min,Comedy,7.6,nil,"5,884"
Allen v. Farrow,2021,12,256 min,"Documentary, Biography, Crime",6.4,nil,"5,865"
 The Family Man,2019– ,not rated,nil,"Action, Comedy, Drama",9.3,nil,"5,852"
Billie Eilish: The World's a Little Blurry,2021,R,140 min,"Documentary, Biography, Music",7.8,70        ,"5,833"
" Love, Death & Robots",2019– ,16,7 min,"Animation, Short, Comedy",7.4,nil,"5,746"
The Pembrokeshire Murders,2021,not rated,144 min,"Crime, Drama",7.1,nil,"5,728"
Crisis,2021,R,118 min,"Drama, Thriller",6.1,41        ,"5,722"
 Aspirants,2021– ,not rated,49 min,Drama,9.8,nil,"5,703"
Pretend It's a City,2021,not rated,203 min,"Documentary, Biography, Comedy",8.1,nil,"5,686"
The Great Indian Kitchen,2021,not rated,100 min,"Comedy, Drama",8.3,nil,"5,620"
" Love, Death & Robots",2019– ,16,11 min,"Animation, Short, Comedy",7.0,nil,"5,617"
Dracula,2021– ,not rated,nil,"Comedy, Drama",8.8,nil,"5,613"
 The Walking Dead,2010–2022,16,40 min,"Drama, Horror, Thriller",5.1,nil,"5,604"
RH Project,2021,not rated,239 min,"Documentary, Crime, History",7.0,nil,"5,500"
" Love, Death & Robots",2019– ,16,13 min,"Animation, Short, Comedy",7.0,nil,"5,449"
 Aspirants,2021– ,not rated,45 min,Drama,9.7,nil,"5,442"
 Broken But Beautiful,2018– ,not rated,nil,"Drama, Romance",9.6,nil,"5,408"
Young Rock,2021– ,not rated,nil,Comedy,7.1,nil,"5,324"
Krack,2021,not rated,154 min,"Action, Crime, Thriller",7.3,nil,"5,305"
Hacks,2021– ,not rated,30 min,"Comedy, Drama",8.3,nil,"5,280"
" Love, Death & Robots",2019– ,16,13 min,"Animation, Short, Comedy",6.6,nil,"5,270"
November Story,2021– ,not rated,40 min,"Crime, Thriller",8.0,nil,"5,268"
 Rick and Morty,2013– ,12,nil,"Animation, Adventure, Comedy",9.2,nil,"5,250"
The Last Hour,2021– ,not rated,36 min,"Crime, Drama, Mystery",7.5,nil,"5,233"
 Invincible,2021– ,not rated,46 min,"Animation, Action, Adventure",9.3,nil,"5,229"
Made for Love,2021– ,not rated,30 min,"Comedy, Drama, Sci-Fi",6.9,nil,"5,172"
The Priest,I 2021,not rated,140 min,"Horror, Mystery, Thriller",6.6,nil,"5,046"
Maharani,2021– ,not rated,43 min,Drama,7.5,nil,"5,031"
 Broken But Beautiful,2018– ,not rated,nil,"Drama, Romance",9.5,nil,"4,856"
 Invincible,2021– ,not rated,44 min,"Animation, Action, Adventure",8.6,nil,"4,850"
 The Walking Dead,2010–2022,16,44 min,"Drama, Horror, Thriller",6.2,nil,"4,819"
Flora & Ulysses,2021,6,95 min,"Adventure, Comedy, Family",6.3,62        ,"4,798"
 Jujutsu Kaisen,2020– ,not rated,24 min,"Animation, Action, Adventure",9.7,nil,"4,785"
 The Walking Dead,2010–2022,16,42 min,"Drama, Horror, Thriller",7.3,nil,"4,767"
 Broken But Beautiful,2018– ,not rated,nil,"Drama, Romance",9.6,nil,"4,742"
Katla,2021– ,not rated,nil,"Drama, Mystery, Sci-Fi",7.1,nil,"4,730"
 Broken But Beautiful,2018– ,not rated,nil,"Drama, Romance",9.8,nil,"4,725"
 Broken But Beautiful,2018– ,not rated,nil,"Drama, Romance",9.8,nil,"4,690"
 Broken But Beautiful,2018– ,not rated,nil,"Drama, Romance",9.6,nil,"4,677"
Murder Among the Mormons,2021,16,160 min,"Documentary, Crime, History",7.0,nil,"4,656"
 Broken But Beautiful,2018– ,not rated,nil,"Drama, Romance",9.5,nil,"4,639"
 Broken But Beautiful,2018– ,not rated,nil,"Drama, Romance",9.7,nil,"4,634"
 Broken But Beautiful,2018– ,not rated,nil,"Drama, Romance",9.6,nil,"4,625"
 Broken But Beautiful,2018– ,not rated,nil,"Drama, Romance",9.6,nil,"4,624"
The Legend of Hanuman,2021– ,not rated,25 min,Animation,9.4,nil,"4,611"
 The Walking Dead,2010–2022,16,48 min,"Drama, Horror, Thriller",7.5,nil,"4,594"
Cruel Summer,2021– ,not rated,45 min,"Drama, Mystery, Thriller",7.5,nil,"4,561"
 Invincible,2021– ,not rated,42 min,"Animation, Action, Adventure",8.3,nil,"4,551"
50M2,2021– ,not rated,45 min,"Comedy, Drama, Thriller",7.0,nil,"4,510"
 Mare of Easttown,2021,not rated,57 min,"Crime, Drama, Mystery",9.4,nil,"4,495"
Cidade Invisível,2021– ,not rated,60 min,"Crime, Drama, Fantasy",7.4,nil,"4,490"
 Invincible,2021– ,not rated,45 min,"Animation, Action, Adventure",7.7,nil,"4,464"
Loco por ella,2021,not rated,102 min,"Comedy, Romance",6.6,nil,"4,464"
Mandela,2021,not rated,140 min,"Comedy, Drama",8.5,nil,"4,461"
 Cobra Kai,2018– ,not rated,41 min,"Action, Comedy, Drama",9.5,nil,"4,447"
Panic,2021– ,not rated,nil,"Adventure, Crime, Drama",6.4,nil,"4,440"
Chakravyuh: An Inspector Virkar Crime Thriller,2021– ,not rated,28 min,"Crime, Thriller",9.0,nil,"4,392"
 Invincible,2021– ,not rated,45 min,"Animation, Action, Adventure",8.0,nil,"4,343"
The Crew,II 2021– ,not rated,nil,Comedy,6.6,nil,"4,327"
 Star Wars: The Bad Batch,2021– ,not rated,70 min,"Animation, Action, Adventure",9.0,nil,"4,303"
Nayattu,2021,not rated,124 min,Thriller,8.2,nil,"4,296"
Ajeeb Daastaans,2021,16,142 min,"Drama, Romance",6.7,nil,"4,272"
Land,2021,12,89 min,Drama,6.6,61        ,"4,256"
 One Piece: Wan pîsu,1999– ,not rated,24 min,"Animation, Action, Adventure",9.4,nil,"4,229"
Biggie: I Got a Story to Tell,2021,16,97 min,"Documentary, Biography, Music",6.9,62        ,"4,206"
Call Me Kat,2021– ,not rated,21 min,Comedy,5.0,nil,"4,153"
 Aspirants,2021– ,not rated,38 min,Drama,9.4,nil,"4,099"
 The Family Man,2019– ,not rated,nil,"Action, Comedy, Drama",9.4,nil,"4,073"
Blue Miracle,2021,6,95 min,"Adventure, Biography, Drama",6.7,48        ,"4,062"
Girl in the Basement,2021,not rated,88 min,"Crime, Thriller",6.4,nil,"4,027"
History of Swear Words,2021– ,12,124 min,"Documentary, Comedy",6.4,nil,"4,023"
 The Family Man,2019– ,not rated,nil,"Action, Comedy, Drama",9.2,nil,"4,013"
Sen Hiç Atesböcegi Gördün mü?,2021,12,113 min,"Comedy, Drama",6.2,nil,"4,012"
Runaway Lugaai,2021– ,not rated,25 min,"Comedy, Drama",8.3,nil,"4,005"
X-Ray: Selected Satyajit Shorts,2021– ,not rated,65 min,"Crime, Drama, Thriller",7.7,nil,"3,981"
Good on Paper,2021,16,92 min,"Comedy, Romance",5.6,54        ,"3,941"
Justice Society: World War II,2021,PG-13,84 min,"Animation, Action, Adventure",6.4,nil,"3,934"
Sardar Ka Grandson,2021,not rated,139 min,"Comedy, Drama, Romance",4.1,nil,"3,869"
His Storyy,2021– ,not rated,nil,Drama,9.7,nil,"3,860"
The Underground Railroad,2021– ,not rated,593 min,"Drama, History, War",7.3,nil,"3,830"
Nail Polish,2021,not rated,128 min,Drama,7.4,nil,"3,820"
 The Family Man,2019– ,not rated,nil,"Action, Comedy, Drama",9.6,nil,"3,809"
Sexify,2021– ,not rated,40 min,"Comedy, Drama",6.5,nil,"3,804"
I Am All Girls,2021,16,107 min,"Crime, Drama, Mystery",5.8,nil,"3,771"
Top Class: The Life and Times of the Sierra Canyon Trailblazers,2021– ,not rated,30 min,"Documentary, Sport",9.7,nil,"3,757"
 The Family Man,2019– ,not rated,nil,"Action, Comedy, Drama",9.3,nil,"3,722"
Chad,2021– ,not rated,30 min,Comedy,2.7,nil,"3,694"
 The Family Man,2019– ,not rated,nil,"Action, Comedy, Drama",9.5,nil,"3,625"
The Virtuoso,2021,R,110 min,"Action, Crime, Thriller",4.9,24        ,"3,608"
Fear of Rain,2021,12,109 min,"Drama, Horror, Thriller",5.9,nil,"3,608
| Gross"
Us Again,2021,G,7 min,"Animation, Short, Drama",8.0,nil,"3,607"
 Mare of Easttown,2021,not rated,58 min,"Crime, Drama, Mystery",8.1,nil,"3,594"
Pogaru,2021,not rated,160 min,Action,5.7,nil,"3,579"
 The Family Man,2019– ,not rated,nil,"Action, Comedy, Drama",9.3,nil,"3,565"
Sulthan,2021,not rated,145 min,"Action, Drama",6.4,nil,"3,562"
 Lucifer,2016– ,12,60 min,"Crime, Drama, Fantasy",7.6,nil,"3,552"
Batman: Soul of the Dragon,2021,R,83 min,"Animation, Action, Adventure",6.1,nil,"3,551"
 One Piece: Wan pîsu,1999– ,not rated,24 min,"Animation, Action, Adventure",9.7,nil,"3,550"
Siyavash,2021– ,not rated,50 min,Drama,6.2,nil,"3,518"
Yasuke,2021– ,not rated,30 min,"Animation, Action, Adventure",6.3,nil,"3,505"
Naandhi,2021,not rated,146 min,"Crime, Drama, Thriller",8.4,nil,"3,501"
 The Family Man,2019– ,not rated,nil,"Action, Comedy, Drama",9.3,nil,"3,498"
Bombay Begums,2021– ,not rated,50 min,Drama,4.9,nil,"3,492"
Tiger,2021,not rated,192 min,"Documentary, Biography, Sport",7.8,nil,"3,487"
 The Family Man,2019– ,not rated,nil,"Action, Comedy, Drama",9.3,nil,"3,475"
Silence: Can You Hear It,2021,not rated,136 min,"Crime, Thriller",6.6,nil,"3,447"
The Mighty Ducks: Game Changers,2021– ,6,nil,"Comedy, Drama, Sport",7.5,nil,"3,434"
Saina,2021,not rated,135 min,"Biography, Drama, Sport",4.2,nil,"3,418"
Yuvarathnaa,2021,not rated,161 min,"Action, Drama",6.6,nil,"3,409"
A Week Away,2021,AL,94 min,"Drama, Family, Musical",5.7,32        ,"3,372"
Maara,2021,not rated,149 min,"Adventure, Drama, Mystery",7.7,nil,"3,364"
Pelé,2021,not rated,108 min,"Documentary, Biography, Sport",7.0,61        ,"3,355"
Pacific Rim,2021– ,12,24 min,"Animation, Action, Adventure",7.1,nil,"3,341"
The Minimalists: Less Is Now,2021,AL,53 min,Documentary,5.9,nil,"3,305"
 Mare of Easttown,2021,not rated,58 min,"Crime, Drama, Mystery",8.7,nil,"3,303"
Horimiya,I 2021– ,not rated,24 min,"Animation, Comedy, Drama",8.3,nil,"3,289"
 Jujutsu Kaisen,2020– ,not rated,24 min,"Animation, Action, Adventure",9.6,nil,"3,281"
Mushoku-tensei ~Isekai ittara honki dasu~,2021– ,not rated,24 min,"Animation, Adventure, Fantasy",8.4,nil,"3,250"
Why Did You Kill Me?,2021,12,83 min,"Documentary, Crime",5.6,nil,"3,184"
Hello Charlie,2021,not rated,102 min,Comedy,5.6,nil,"3,182"
This Is a Robbery: The World's Biggest Art Heist,2021,16,210 min,"Documentary, Crime, History",6.5,nil,"3,176"
 Superman and Lois,2021– ,not rated,64 min,"Action, Adventure, Drama",8.7,nil,"3,171"
Bloodlands,2021,not rated,222 min,"Crime, Drama, Thriller",6.5,nil,"3,169"
Calls,2021– ,not rated,12 min,"Drama, Horror, Mystery",7.8,nil,"3,167"
Save Ralph,2021,not rated,4 min,"Animation, Short",8.6,nil,"3,161"
In the Earth,2021,R,107 min,"Horror, Sci-Fi, Thriller",5.2,63        ,"3,159"
 Mare of Easttown,2021,not rated,64 min,"Crime, Drama, Mystery",9.1,nil,"3,159"
 Cobra Kai,2018– ,not rated,39 min,"Action, Comedy, Drama",9.2,nil,"3,139"
Uppena,2021,12,147 min,"Action, Drama, Romance",6.8,nil,"3,135"
The Box,V 2021,not rated,94 min,"Drama, Music, Musical",8.7,nil,"3,126"
Crashh,2021– ,not rated,23 min,Romance,9.0,nil,"3,123"
Konusanlar,2021– ,not rated,50 min,"Comedy, Talk-Show",6.9,nil,"3,121"
Silk Road,2021,12,112 min,"Crime, Drama, Thriller",5.9,41        ,"3,110"
Chakra,2021,not rated,131 min,"Action, Crime, Thriller",7.0,nil,"3,092"
 Lupin,2021– ,12,47 min,"Action, Crime, Drama",7.9,nil,"3,085"
Age of Samurai: Battle for Japan,2021– ,16,nil,"Documentary, Action, Adventure",7.4,nil,"3,070"
Il Divin Codino,2021,not rated,91 min,"Biography, Drama, Sport",6.1,nil,"3,061"
 Star Wars: The Bad Batch,2021– ,not rated,31 min,"Animation, Action, Adventure",7.5,nil,"3,040"
 Lucifer,2016– ,12,53 min,"Crime, Drama, Fantasy",9.4,nil,"2,973"
Tina,2021,AL,118 min,"Documentary, Biography, History",8.0,81        ,"2,964"
Mayor Grom: Chumnoy Doktor,2021,not rated,136 min,"Action, Adventure",6.5,nil,"2,950"
 Rick and Morty,2013– ,12,nil,"Animation, Adventure, Comedy",9.1,nil,"2,931"
Bhoomi,II 2021,not rated,128 min,"Action, Drama",5.0,nil,"2,919"
Marvel Studios: Legends,2021– ,not rated,7 min,"Action, Fantasy, Sci-Fi",6.5,nil,"2,910"
Q: Into the Storm,2021,not rated,353 min,Documentary,7.6,nil,"2,823"
 Mare of Easttown,2021,not rated,60 min,"Crime, Drama, Mystery",8.3,nil,"2,820"
First Signal,2021,not rated,102 min,"Drama, History, Sci-Fi",7.0,nil,"2,806"
 Black Clover,2017–2021,not rated,24 min,"Animation, Action, Adventure",9.7,nil,"2,806"
Tunna blå linjen,2021– ,not rated,60 min,"Crime, Drama",8.2,nil,"2,798"
Law & Order: Organized Crime,2021– ,not rated,nil,"Crime, Drama, Mystery",7.6,nil,"2,795"
 Cobra Kai,2018– ,not rated,32 min,"Action, Comedy, Drama",8.2,nil,"2,794"
 Black Clover,2017–2021,not rated,24 min,"Animation, Action, Adventure",9.7,nil,"2,787"
 Mare of Easttown,2021,not rated,56 min,"Crime, Drama, Mystery",8.4,nil,"2,783"
The Misfits,2021,12,94 min,"Action, Adventure, Thriller",4.1,24        ,"2,762"
Great White,2021,12,91 min,"Horror, Thriller",4.0,nil,"2,735"
 Shadow and Bone,2021– ,not rated,52 min,"Action, Adventure, Drama",7.8,nil,"2,730"
Mr. Mayor,2021– ,not rated,22 min,Comedy,6.3,nil,"2,723"
 Mare of Easttown,2021,not rated,57 min,"Crime, Drama, Mystery",8.8,nil,"2,712"
Roberrt,2021,not rated,166 min,"Action, Comedy, Musical",6.7,nil,"2,703"
Xtremo,2021,not rated,111 min,"Action, Crime, Drama",5.8,nil,"2,693"
"Crack: Cocaine, Corruption & Conspiracy",2021,12,89 min,"Documentary, Crime, History",6.7,nil,"2,692"
Kala,2021,not rated,130 min,Thriller,6.9,nil,"2,692"
 The Expanse,2015– ,not rated,56 min,"Drama, Mystery, Sci-Fi",8.7,nil,"2,682"
 Cobra Kai,2018– ,not rated,30 min,"Action, Comedy, Drama",8.9,nil,"2,681"
Rurôni Kenshin: Sai shûshô - The Final,2021,not rated,138 min,"Action, Adventure, Drama",7.3,nil,"2,674"
 Star Trek: Discovery,2017– ,12,62 min,"Action, Adventure, Drama",6.3,nil,"2,670"
Breaking News in Yuba County,2021,16,96 min,"Comedy, Crime, Drama",5.7,24        ,"2,663"
Generation,2021– ,not rated,nil,"Comedy, Drama",6.5,nil,"2,640"
Shookum Hills,2021,not rated,88 min,"Horror, Thriller",4.2,nil,"2,630"
 Cobra Kai,2018– ,not rated,36 min,"Action, Comedy, Drama",8.6,nil,"2,621"
M.O.D.O.K.,2021– ,not rated,22 min,"Animation, Action, Comedy",6.3,nil,"2,616"
Together Together,2021,R,90 min,Comedy,6.5,72        ,"2,606"
 Cobra Kai,2018– ,not rated,38 min,"Action, Comedy, Drama",8.3,nil,"2,606"
Censor,2021,not rated,84 min,Horror,5.9,67        ,"2,598"
Sex/Life,2021– ,not rated,nil,"Comedy, Drama, Romance",5.9,nil,"2,586"
Vanquish,2021,R,94 min,"Action, Crime, Thriller",2.7,22        ,"2,581"
Operation Java,2021,not rated,146 min,"Crime, Drama, Thriller",8.3,nil,"2,581"
 Lucifer,2016– ,12,63 min,"Crime, Drama, Fantasy",9.5,nil,"2,566"
Son,2021,not rated,98 min,"Horror, Thriller",5.5,52        ,"2,552"
Madame Claude,2021,not rated,112 min,"Biography, Crime, Drama",5.4,nil,"2,530"
Tribhanga,2021,16,95 min,"Drama, Family",6.1,nil,"2,524"
Secret Magic Control Agency,2021,6,103 min,"Animation, Adventure, Comedy",6.2,nil,"2,516"
 One Piece: Wan pîsu,1999– ,not rated,24 min,"Animation, Action, Adventure",9.6,nil,"2,513"
 Lupin,2021– ,12,52 min,"Action, Crime, Drama",7.8,nil,"2,490"
 Cobra Kai,2018– ,not rated,32 min,"Action, Comedy, Drama",8.0,nil,"2,481"
 One Piece: Wan pîsu,1999– ,not rated,24 min,"Animation, Action, Adventure",9.4,nil,"2,476"
Irul,2021,16,91 min,"Mystery, Thriller",5.8,nil,"2,476"
Country Comfort,2021– ,AL,nil,"Comedy, Drama, Family",6.9,nil,"2,461"
 Star Wars: The Bad Batch,2021– ,not rated,28 min,"Animation, Action, Adventure",7.9,nil,"2,451"
 Lucifer,2016– ,12,58 min,"Crime, Drama, Fantasy",8.4,nil,"2,443"
Big Shot,2021– ,not rated,nil,"Comedy, Drama, Sport",7.5,nil,"2,438"
The Djinn,2021,R,82 min,"Horror, Thriller",4.7,61        ,"2,431"
Grahan,I 2021– ,not rated,nil,"Action, Drama, Thriller",8.9,nil,"2,429"
Milosc do kwadratu,2021,not rated,102 min,"Comedy, Romance",5.0,nil,"2,415"
 Cobra Kai,2018– ,not rated,34 min,"Action, Comedy, Drama",8.5,nil,"2,401"
 Cobra Kai,2018– ,not rated,28 min,"Action, Comedy, Drama",8.5,nil,"2,395"
The Year Earth Changed,2021,not rated,48 min,Documentary,8.3,nil,"2,383"
"Batman: The Long Halloween, Part One",2021 Video,PG-13,85 min,"Animation, Action, Crime",7.5,nil,"2,381"
Love Scandals & Doctors,2021– ,not rated,20 min,Thriller,8.9,nil,"2,363"
 Lucifer,2016– ,12,55 min,"Crime, Drama, Fantasy",8.5,nil,"2,356"
 Doctor Who,2005– ,9,71 min,"Adventure, Drama, Family",5.9,nil,"2,352"
 Dracula,2021– ,not rated,nil,"Comedy, Drama",9.5,nil,"2,346"
Teddy,II 2021,not rated,136 min,"Animation, Action, Adventure",6.7,nil,"2,344"
 Shadow and Bone,2021– ,not rated,52 min,"Action, Adventure, Drama",7.8,nil,"2,323"
 Cobra Kai,2018– ,not rated,29 min,"Action, Comedy, Drama",8.3,nil,"2,322"
 The Handmaid's Tale,2017– ,16,62 min,"Drama, Sci-Fi, Thriller",8.7,nil,"2,312"
Happily,2021,R,96 min,"Comedy, Crime, Romance",5.3,58        ,"2,307"
 Euphoria,2019– ,16,49 min,Drama,8.8,nil,"2,300"
Vitthal Teedi,2021– ,not rated,185 min,Drama,9.5,nil,"2,292"
 Shadow and Bone,2021– ,not rated,58 min,"Action, Adventure, Drama",8.7,nil,"2,275"
 Lupin,2021– ,12,42 min,"Action, Crime, Drama",7.6,nil,"2,269"
 Dracula,2021– ,not rated,nil,"Comedy, Drama",9.6,nil,"2,255"
22 vs. Earth,2021,not rated,9 min,"Animation, Short, Adventure",6.5,nil,"2,242"
Kaadan,2021,not rated,170 min,"Action, Drama, Fantasy",9.1,nil,"2,238"
 The Expanse,2015– ,not rated,54 min,"Drama, Mystery, Sci-Fi",7.6,nil,"2,238"
Resident Evil Village,2021 Video Game,not rated,nil,"Action, Adventure, Fantasy",8.9,nil,"2,236"
Bling Empire,2021– ,not rated,38 min,Reality-TV,5.8,nil,"2,208"
Fumetsu no Anata e,2021– ,not rated,25 min,"Animation, Adventure, Drama",9.1,nil,"2,203"
 Lupin,2021– ,12,43 min,"Action, Crime, Drama",7.7,nil,"2,198"
Rebel,2021,not rated,nil,"Crime, Drama",7.0,nil,"2,196"
 Lupin,2021– ,12,47 min,"Action, Crime, Drama",7.6,nil,"2,191"
Skater Girl,2021,PG,107 min,"Drama, Family, Sport",6.7,nil,"2,179"
Sir Alex Ferguson: Never Give In,2021,PG-13,130 min,Documentary,8.4,68        ,"2,177"
 The Frog,2020–2021,not rated,44 min,"Crime, Drama, Mystery",8.5,nil,"2,159"
Gokushufudo,2021– ,not rated,16 min,"Animation, Action, Comedy",7.3,nil,"2,159"
Oslo,2021 TV Movie,not rated,118 min,"Drama, History, Thriller",6.6,54        ,"2,159"
 Shadow and Bone,2021– ,not rated,48 min,"Action, Adventure, Drama",7.9,nil,"2,149"
 The Expanse,2015– ,not rated,48 min,"Drama, Mystery, Sci-Fi",8.0,nil,"2,149"
 Dracula,2021– ,not rated,nil,"Comedy, Drama",9.6,nil,"2,148"
Recalled,2021,not rated,99 min,"Drama, Mystery, Thriller",6.9,nil,"2,146"
 Dracula,2021– ,not rated,nil,"Comedy, Drama",9.7,nil,"2,143"
Solos,2021– ,not rated,185 min,"Drama, Fantasy, Sci-Fi",5.7,nil,"2,141"
 Dracula,2021– ,not rated,nil,"Comedy, Drama",9.8,nil,"2,140"
One,II 2021,not rated,151 min,"Drama, Thriller",6.6,nil,"2,133"
 The Frog,2020–2021,not rated,46 min,"Crime, Drama, Mystery",8.5,nil,"2,131"
 Jujutsu Kaisen,2020– ,not rated,24 min,"Animation, Action, Adventure",9.6,nil,"2,126"
Shuumatsu no Valkyrie,2021– ,not rated,24 min,"Animation, Action, Adventure",6.2,nil,"2,126"
 Line of Duty,2012– ,12,57 min,"Crime, Drama, Mystery",5.5,nil,"2,124"
Sijipeuseu: The Myth,2021– ,not rated,70 min,"Action, Drama, Fantasy",7.1,nil,"2,120"
 Star Wars: The Bad Batch,2021– ,not rated,26 min,"Animation, Action, Adventure",7.6,nil,"2,114"
 Young Rock,2021– ,not rated,nil,Comedy,8.7,nil,"2,114"
 Dracula,2021– ,not rated,nil,"Comedy, Drama",9.8,nil,"2,111"
Wir Kinder vom Bahnhof Zoo,2021,16,nil,Drama,6.3,nil,"2,101"
 Boruto: Naruto Next Generations,2017– ,not rated,24 min,"Animation, Action, Adventure",9.7,nil,"2,100"
 Young Rock,2021– ,not rated,nil,Comedy,9.1,nil,"2,098"
Move to Heaven,2021– ,not rated,60 min,Drama,8.7,nil,"2,096"
Eeswaran,2021,not rated,130 min,"Action, Drama",4.7,nil,"2,094"
Peter Rabbit 2: The Runaway,2021,6,93 min,"Animation, Adventure, Comedy",6.2,43        ,"2,082"
Kung Fu,2021– ,not rated,nil,"Action, Adventure, Drama",5.0,nil,"2,077"
 Shadow and Bone,2021– ,not rated,45 min,"Action, Adventure, Drama",8.6,nil,"2,071"
 Superman and Lois,2021– ,not rated,44 min,"Action, Adventure, Drama",8.4,nil,"2,064"
 Boruto: Naruto Next Generations,2017– ,not rated,24 min,"Animation, Action, Adventure",9.7,nil,"2,063"
Alma Matters - Inside the IIT Dream,2021,not rated,150 min,Documentary,8.6,nil,"2,056"
 Shadow and Bone,2021– ,not rated,51 min,"Action, Adventure, Drama",8.1,nil,"2,052"
 Yakusoku no Neverland,2019–2021,not rated,23 min,"Animation, Adventure, Drama",2.6,nil,"2,030"
The Power,II 2021,not rated,92 min,Horror,5.6,60        ,"2,028"
Xin shen bang: Ne Zha chong sheng,2021,6,118 min,"Animation, Action, Fantasy",6.9,nil,"2,023"
Word of Honor,2021– ,not rated,45 min,"Action, Drama, Fantasy",9.1,nil,"2,023"
 South Park,1997– ,12,46 min,"Animation, Comedy",7.5,nil,"2,022"
 Castlevania,2017–2021,12,31 min,"Animation, Action, Adventure",9.8,nil,"2,018"
The Lost Pirate Kingdom,2021– ,not rated,nil,"Documentary, Adventure, Drama",6.6,nil,"2,013"
 The Frog,2020–2021,not rated,50 min,"Crime, Drama, Mystery",7.9,nil,"2,009"
The Seventh Day,2021,R,87 min,"Horror, Mystery",4.4,43        ,"2,007"
 The Frog,2020–2021,not rated,44 min,"Crime, Drama, Mystery",8.3,nil,"1,999"
Infinitum: Subject Unknown,2021,not rated,86 min,Sci-Fi,5.5,nil,"1,995"
 One Piece: Wan pîsu,1999– ,not rated,nil,"Animation, Action, Adventure",9.6,nil,"1,991"
 Re:Zero kara hajimeru isekai seikatsu,2016– ,not rated,30 min,"Animation, Adventure, Drama",9.8,nil,"1,982"
 The Expanse,2015– ,not rated,52 min,"Drama, Mystery, Sci-Fi",7.8,nil,"1,982"
The Great Escapists,2021– ,not rated,nil,"Documentary, Adventure, Comedy",5.7,nil,"1,971"
Bir Yeralti Sitcom'u,2021– ,not rated,nil,Comedy,7.4,nil,"1,968"
Kid 90,2021,not rated,71 min,"Documentary, Biography, History",6.9,67        ,"1,964"
 The Handmaid's Tale,2017– ,16,58 min,"Drama, Sci-Fi, Thriller",9.0,nil,"1,959"
 The Frog,2020–2021,not rated,46 min,"Crime, Drama, Mystery",7.7,nil,"1,953"
Life in Colour,2021– ,not rated,59 min,Documentary,8.3,nil,"1,952"
 The Frog,2020–2021,not rated,47 min,"Crime, Drama, Mystery",7.8,nil,"1,950"
 Your Honor,2020–2021,12,59 min,"Crime, Drama, Thriller",7.3,nil,"1,943"
 Shadow and Bone,2021– ,not rated,54 min,"Action, Adventure, Drama",8.2,nil,"1,936"
 Lucifer,2016– ,12,53 min,"Crime, Drama, Fantasy",8.6,nil,"1,932"
Payback,2021,not rated,91 min,Thriller,6.0,nil,"1,930"
 Star Wars: The Bad Batch,2021– ,not rated,27 min,"Animation, Action, Adventure",8.6,nil,"1,929"
 Star Wars: The Bad Batch,2021– ,not rated,23 min,"Animation, Action, Adventure",7.4,nil,"1,914"
 Lucifer,2016– ,12,59 min,"Crime, Drama, Fantasy",9.0,nil,"1,903"
 The Expanse,2015– ,not rated,51 min,"Drama, Mystery, Sci-Fi",8.1,nil,"1,902"
Tokyo Revengers,2021– ,not rated,24 min,"Animation, Action, Drama",8.6,nil,"1,900"
Jeet Ki Zid,2021– ,not rated,40 min,"Action, Drama",8.5,nil,"1,899"
Marasli,2021– ,not rated,120 min,Drama,8.0,nil,"1,895"
B.A. Pass 3,2021,not rated,136 min,"Drama, Romance",8.2,nil,"1,891"
 The Handmaid's Tale,2017– ,16,54 min,"Drama, Sci-Fi, Thriller",8.1,nil,"1,891"
Wild Dog,2021,not rated,145 min,"Action, Adventure, Crime",6.3,nil,"1,889"
 Shadow and Bone,2021– ,not rated,52 min,"Action, Adventure, Drama",8.4,nil,"1,885"
Cinema Bandi,2021,not rated,98 min,"Comedy, Drama",8.0,nil,"1,883"
 Fear the Walking Dead,2015– ,not rated,51 min,"Drama, Horror, Sci-Fi",8.0,nil,"1,883"
The Yinyang Master,2021,16,113 min,"Action, Adventure, Drama",6.4,nil,"1,883"
 The Frog,2020–2021,not rated,48 min,"Crime, Drama, Mystery",8.0,nil,"1,880"
Coyote,2021– ,not rated,290 min,"Crime, Drama, Thriller",6.8,nil,"1,878"
 The Frog,2020–2021,not rated,48 min,"Crime, Drama, Mystery",7.6,nil,"1,877"
Nizhal,2021,not rated,118 min,"Drama, Mystery, Thriller",6.4,nil,"1,870"
 Star Wars: The Bad Batch,2021– ,not rated,21 min,"Animation, Action, Adventure",7.2,nil,"1,869"
Trese,2021– ,not rated,33 min,"Animation, Action, Adventure",7.2,nil,"1,862"
Last Chance U: Basketball,2021– ,12,nil,"Documentary, Sport",8.4,nil,"1,860"
You Belong to Me,2021,R,105 min,"Drama, Mystery, Thriller",5.2,32        ,"1,859"
 Star Wars: The Bad Batch,2021– ,not rated,24 min,"Animation, Action, Adventure",9.1,nil,"1,850"
 The Frog,2020–2021,not rated,54 min,"Crime, Drama, Mystery",7.7,nil,"1,850"
Gibi,2021– ,not rated,30 min,Comedy,8.5,nil,"1,847"
 The Frog,2020–2021,not rated,45 min,"Crime, Drama, Mystery",7.8,nil,"1,841"
Mai Hero Boll Raha Hu,2021– ,not rated,nil,"Action, Thriller",8.9,nil,"1,838"
Born a Champion,2021,R,112 min,"Action, Drama, Sport",7.0,nil,"1,827"
Red,I 2021,not rated,146 min,"Action, Crime, Drama",6.7,nil,"1,816"
 Jujutsu Kaisen,2020– ,not rated,24 min,"Animation, Action, Adventure",9.3,nil,"1,813"
 The Frog,2020–2021,not rated,52 min,"Crime, Drama, Mystery",7.9,nil,"1,812"
 The Frog,2020–2021,not rated,53 min,"Crime, Drama, Mystery",7.6,nil,"1,812"
 Jujutsu Kaisen,2020– ,not rated,24 min,"Animation, Action, Adventure",9.2,nil,"1,799"
 Lucifer,2016– ,12,61 min,"Crime, Drama, Fantasy",8.5,nil,"1,791"
 Resident Alien,2021– ,not rated,47 min,"Comedy, Drama, Mystery",8.3,nil,"1,779"
Mauseu,2021– ,not rated,80 min,"Action, Crime, Mystery",8.7,nil,"1,773"
The Pursuit of Love,2021– ,12,nil,"Drama, Romance",6.6,nil,"1,765"
Ji hun,2021,not rated,130 min,"Drama, Mystery, Sci-Fi",6.7,nil,"1,758"
The Great North,2021– ,not rated,21 min,"Animation, Comedy",6.5,nil,"1,751"
Starstruck,2021– ,not rated,30 min,Comedy,7.7,nil,"1,732"
Dystopia,2021– ,not rated,nil,Horror,8.7,nil,"1,723"
LOL: Last One Laughing Germany,2021– ,not rated,nil,"Comedy, Reality-TV",7.8,nil,"1,719"
Exterminate All the Brutes,2021,not rated,232 min,"Documentary, History",6.8,nil,"1,711"
Zombie Reddy,2021,not rated,130 min,"Action, Comedy, Horror",7.0,nil,"1,709"
 The Frog,2020–2021,not rated,71 min,"Crime, Drama, Mystery",7.3,nil,"1,707"
Kevin Can F**k Himself,2021– ,not rated,nil,"Comedy, Drama",6.4,nil,"1,705"
 Dracula,2021– ,not rated,nil,"Comedy, Drama",9.6,nil,"1,705"
 One Piece: Wan pîsu,1999– ,not rated,24 min,"Animation, Action, Adventure",9.3,nil,"1,703"
A Perfect Planet,2021,not rated,245 min,Documentary,9.1,nil,"1,701"
Wonder Egg Priority,2021– ,not rated,23 min,"Animation, Action, Drama",8.2,nil,"1,695"
Too Close,2021,not rated,143 min,"Crime, Drama, Thriller",6.7,nil,"1,689"
Dude,2021– ,not rated,32 min,"Drama, Mystery, Thriller",9.3,nil,"1,686"
 Superman and Lois,2021– ,not rated,43 min,"Action, Adventure, Drama",8.3,nil,"1,685"
 Fear the Walking Dead,2015– ,not rated,48 min,"Drama, Horror, Sci-Fi",6.2,nil,"1,676"
Doors,2021,not rated,84 min,Sci-Fi,3.3,nil,"1,670"
 Jujutsu Kaisen,2020– ,not rated,24 min,"Animation, Action, Adventure",9.1,nil,"1,667"
The Pact,2021– ,not rated,nil,Thriller,6.8,nil,"1,665"
Twist,2021,16,90 min,"Action, Drama",4.0,nil,"1,664"
 Fear the Walking Dead,2015– ,not rated,51 min,"Drama, Horror, Sci-Fi",8.5,nil,"1,660"
High-Rise Invasion,2021– ,not rated,25 min,"Animation, Action, Horror",6.7,nil,"1,658"
Domina,2021– ,not rated,nil,"Drama, History",7.0,nil,"1,653"
Indori Ishq,2021– ,not rated,25 min,"Comedy, Drama, Romance",7.4,nil,"1,651"
Homunculus,2021,not rated,115 min,"Drama, Fantasy, Mystery",5.6,nil,"1,651"
 The Handmaid's Tale,2017– ,16,41 min,"Drama, Sci-Fi, Thriller",7.7,nil,"1,649"
 The Flash,2014– ,12,42 min,"Action, Adventure, Drama",8.5,nil,"1,646"
False Positive,2021,R,92 min,"Horror, Mystery, Thriller",4.6,54        ,"1,642"
The Upshaws,2021– ,not rated,nil,Comedy,6.9,nil,"1,641"
 One Piece: Wan pîsu,1999– ,not rated,nil,"Animation, Action, Adventure",9.5,nil,"1,630"
 The Handmaid's Tale,2017– ,16,48 min,"Drama, Sci-Fi, Thriller",8.2,nil,"1,630"
Ek Mini Katha,2021,not rated,134 min,"Comedy, Drama",7.3,nil,"1,627"
 The Handmaid's Tale,2017– ,16,47 min,"Drama, Sci-Fi, Thriller",8.8,nil,"1,624"
Plan B,II 2021,not rated,107 min,Comedy,6.7,74        ,"1,621"
Cypher,2021– ,not rated,nil,"Action, Crime, Drama",6.5,nil,"1,614"
Douluo Continent,2021– ,not rated,38 min,"Action, Fantasy, Horror",9.0,nil,"1,614"
 The Flash,2014– ,12,42 min,"Action, Adventure, Drama",7.3,nil,"1,612"
 When Calls the Heart,2014– ,6,nil,"Drama, Family, Romance",5.0,nil,"1,605"
Gaali Sampath,2021,not rated,130 min,Drama,7.4,nil,"1,604"
Nenjam Marappathillai,2021,not rated,150 min,"Horror, Thriller",6.4,nil,"1,595"
Surviving Death,2021– ,12,50 min,"Documentary, Reality-TV",6.1,nil,"1,591"
Leonardo,2021– ,not rated,nil,"Biography, Drama, History",7.1,nil,"1,588"
 Black Clover,2017–2021,not rated,24 min,"Animation, Action, Adventure",9.6,nil,"1,585"
 The Handmaid's Tale,2017– ,16,45 min,"Drama, Sci-Fi, Thriller",8.2,nil,"1,583"
Men in Kilts: A Roadtrip with Sam and Graham,2021– ,not rated,nil,"Documentary, Comedy, Reality-TV",8.8,nil,"1,578"
 Walker,2021– ,not rated,42 min,"Action, Crime, Drama",6.9,nil,"1,574"
Lisey's Story,2021,not rated,nil,"Drama, Horror, Mystery",5.9,nil,"1,572"
 The Handmaid's Tale,2017– ,16,47 min,"Drama, Sci-Fi, Thriller",8.0,nil,"1,570"
 One Piece: Wan pîsu,1999– ,not rated,24 min,"Animation, Action, Adventure",9.4,nil,"1,568"
30 Rojullo Preminchadam Ela,2021,not rated,143 min,Romance,7.6,nil,"1,561"
The Power,I 2021,not rated,153 min,"Action, Crime, Drama",5.7,nil,"1,559"
Demi Lovato: Dancing with the Devil,2021,not rated,94 min,"Documentary, Music",8.2,nil,"1,559"
iCarly,2021– ,not rated,26 min,"Comedy, Drama, Family",7.2,nil,"1,557"
Just Say Yes,2021,12,97 min,"Comedy, Romance",4.5,nil,"1,557"
Dad Stop Embarrassing Me,2021,9,25 min,"Comedy, Family",4.2,nil,"1,553"
Bad President,2021,not rated,90 min,"Comedy, Fantasy",5.2,nil,"1,553"
 Jupiter's Legacy,2021,not rated,47 min,"Action, Adventure, Drama",7.2,nil,"1,546"
 The Flash,2014– ,12,42 min,"Action, Adventure, Drama",5.4,nil,"1,542"
 Young Rock,2021– ,not rated,nil,Comedy,8.5,nil,"1,536"
Kaifuku Jutsushi no Yarinaoshi,2021– ,not rated,24 min,"Animation, Action, Adventure",6.3,nil,"1,534"
SK8 the Infinity,2021– ,not rated,nil,"Animation, Adventure, Comedy",8.2,nil,"1,526"
WeWork,2021,not rated,104 min,Documentary,6.6,56        ,"1,519"
Paradise City,2021– ,not rated,nil,"Drama, Fantasy, Music",6.9,nil,"1,518"
 Jujutsu Kaisen,2020– ,not rated,24 min,"Animation, Action, Adventure",8.9,nil,"1,514"
 The Rookie,2018– ,12,nil,"Comedy, Crime, Drama",4.1,nil,"1,511"
Intergalactic,2021– ,not rated,nil,"Drama, Sci-Fi",4.1,nil,"1,508"
 Dracula,2021– ,not rated,nil,"Comedy, Drama",9.6,nil,"1,508"
 Your Honor,2020–2021,12,54 min,"Crime, Drama, Thriller",8.3,nil,"1,500"
The Drowning,2021,not rated,nil,"Drama, Mystery, Thriller",5.5,nil,"1,496"
 For All Mankind,2019– ,not rated,76 min,"Drama, Sci-Fi",9.6,nil,"1,493"
 Young Rock,2021– ,not rated,24 min,Comedy,7.8,nil,"1,493"
Dogu,2021– ,not rated,nil,Comedy,7.4,nil,"1,487"
The Me You Can't See,2021– ,not rated,nil,Documentary,5.3,nil,"1,486"
 Black Clover,2017–2021,not rated,24 min,"Animation, Action, Adventure",9.8,nil,"1,485"
Frank of Ireland,2021– ,not rated,nil,Comedy,6.7,nil,"1,482"
Saat Kadam,2021– ,not rated,120 min,"Drama, Sport",8.5,nil,"1,481"
Narco Sub,2021,R,93 min,"Action, Crime, Drama",6.4,nil,"1,477"
Kathmandu Connection,2021– ,not rated,nil,"Action, Crime, Thriller",5.8,nil,"1,475"
 Raketsonyeondan,2021– ,not rated,86 min,"Comedy, Drama, Sport",1.0,nil,"1,458"
 The Nevers,2021– ,16,64 min,"Action, Drama, Fantasy",7.8,nil,"1,447"
 Superman and Lois,2021– ,not rated,44 min,"Action, Adventure, Drama",8.1,nil,"1,441"
Know Fear,2021,not rated,77 min,Horror,5.5,nil,"1,439"
Fake Famous,2021 TV Movie,9,87 min,Documentary,6.6,nil,"1,438"
Pixar Popcorn,2021– ,not rated,19 min,"Animation, Short, Comedy",6.6,nil,"1,438"
 Shameless,2011–2021,12,50 min,"Comedy, Drama",6.0,nil,"1,435"
 Young Rock,2021– ,not rated,nil,Comedy,8.4,nil,"1,432"
Girls5eva,2021– ,not rated,nil,"Comedy, Music",7.2,nil,"1,429"
 Batwoman,2019– ,not rated,42 min,"Action, Adventure, Crime",4.3,nil,"1,420"
 One Piece: Wan pîsu,1999– ,not rated,nil,"Animation, Action, Adventure",9.4,nil,"1,418"
Climax,2021,not rated,80 min,Thriller,8.1,nil,"1,417"
Madam Chief Minister,2021,not rated,130 min,Drama,4.6,nil,"1,416"
 Dracula,2021– ,not rated,nil,"Comedy, Drama",9.6,nil,"1,412"
 Anne Boleyn,2021– ,not rated,nil,"Drama, History",3.9,nil,"1,409"
 Jujutsu Kaisen,2020– ,not rated,24 min,"Animation, Action, Adventure",8.6,nil,"1,408"
Home Economics,2021– ,not rated,30 min,Comedy,6.2,nil,"1,406"
 Castlevania,2017–2021,12,31 min,"Animation, Action, Adventure",9.6,nil,"1,399"
 Fear the Walking Dead,2015– ,not rated,45 min,"Drama, Horror, Sci-Fi",7.5,nil,"1,395"
The Nailbomber,2021,not rated,72 min,"Documentary, Crime, History",6.3,nil,"1,395"
Zebra Girl,2021,not rated,79 min,"Mystery, Thriller",7.1,nil,"1,392"
Secrets of Sinauli: Discovery of the Century,2021,not rated,56 min,"Documentary, History",9.3,nil,"1,388"
Finding Alice,2021– ,not rated,46 min,"Comedy, Drama",5.7,nil,"1,385"
Vellam,I 2021,not rated,154 min,"Biography, Drama",7.7,nil,"1,382"
 Castlevania,2017–2021,12,27 min,"Animation, Action, Adventure",9.4,nil,"1,381"
 Sweet Tooth,2021– ,not rated,nil,"Action, Adventure, Drama",8.1,nil,"1,380"
 Raketsonyeondan,2021– ,not rated,nil,"Comedy, Drama, Sport",1.0,nil,"1,376"
Mosagallu,2021,not rated,85 min,Drama,6.3,nil,"1,376"
 Your Honor,2020–2021,12,57 min,"Crime, Drama, Thriller",8.1,nil,"1,374"
Cabras da Peste,2021,9,97 min,"Action, Comedy, Crime",6.2,nil,"1,370"
 Fear the Walking Dead,2015– ,not rated,47 min,"Drama, Horror, Sci-Fi",8.2,nil,"1,364"
Shukra,2021,not rated,119 min,Drama,7.5,nil,"1,358"
 One Piece: Wan pîsu,1999– ,not rated,nil,"Animation, Action, Adventure",9.2,nil,"1,358"
 This Is Us,2016–2022,9,43 min,"Comedy, Drama, Romance",9.0,nil,"1,356"
 Raketsonyeondan,2021– ,not rated,nil,"Comedy, Drama, Sport",1.0,nil,"1,355"
 Jujutsu Kaisen,2020– ,not rated,24 min,"Animation, Action, Adventure",8.2,nil,"1,349"
Jakob's Wife,2021,not rated,98 min,Horror,5.3,59        ,"1,345"
 The Blacklist,2013– ,not rated,43 min,"Crime, Drama, Mystery",4.6,nil,"1,344"
 Jujutsu Kaisen,2020– ,not rated,24 min,"Animation, Action, Adventure",8.1,nil,"1,343"
 One Piece: Wan pîsu,1999– ,not rated,nil,"Animation, Action, Adventure",9.0,nil,"1,343"
 Yakusoku no Neverland,2019–2021,not rated,23 min,"Animation, Adventure, Drama",8.6,nil,"1,343"
Porodica,2021– ,not rated,nil,"Drama, History",7.5,nil,"1,342"
G - Zombie,2021,not rated,116 min,Sci-Fi,7.1,nil,"1,339"
 Resident Alien,2021– ,not rated,44 min,"Comedy, Drama, Mystery",8.0,nil,"1,338"
 One Piece: Wan pîsu,1999– ,not rated,nil,"Animation, Action, Adventure",9.0,nil,"1,337"
We Are Lady Parts,2021– ,not rated,24 min,"Comedy, Music",7.9,nil,"1,335"
One and the Same,2021,not rated,110 min,Mystery,6.7,nil,"1,332"
Grace,2021– ,not rated,90 min,"Crime, Drama, Mystery",7.1,nil,"1,317"
Yesilçam,2021– ,not rated,nil,"Drama, History, Romance",8.1,nil,"1,315"
 Behind Her Eyes,2021,16,50 min,"Drama, Mystery, Thriller",8.2,nil,"1,314"
Can't Get You Out of My Head,2021,not rated,nil,"Documentary, History",8.6,nil,"1,313"
 Superman and Lois,2021– ,not rated,nil,"Action, Adventure, Drama",8.2,nil,"1,308"
MMOF,2021,not rated,108 min,Drama,7.1,nil,"1,300"
 Young Rock,2021– ,not rated,21 min,Comedy,7.5,nil,"1,295"
 Fear the Walking Dead,2015– ,not rated,48 min,"Drama, Horror, Sci-Fi",8.0,nil,"1,292"
I want to be alive,2021– ,not rated,50 min,"Drama, Romance, Thriller",6.1,nil,"1,291"
Wagle Ki Duniya,2021– ,not rated,nil,Comedy,9.3,nil,"1,290"
 Your Honor,2020–2021,12,56 min,"Crime, Drama, Thriller",8.0,nil,"1,290"
 The Handmaid's Tale,2017– ,16,57 min,"Drama, Sci-Fi, Thriller",8.6,nil,"1,285"
 Bang Baang,2021– ,not rated,nil,"Action, Thriller",9.3,nil,"1,281"
 One Piece: Wan pîsu,1999– ,not rated,nil,"Animation, Action, Adventure",9.2,nil,"1,280"
The Crime of the Century,2021,not rated,231 min,"Documentary, Crime",8.1,nil,"1,274"
Rang De,2021,not rated,130 min,"Comedy, Drama, Romance",6.8,nil,"1,272"
 Wynonna Earp,2016–2021,16,43 min,"Action, Drama, Fantasy",9.4,nil,"1,263"
 The Blacklist,2013– ,not rated,42 min,"Crime, Drama, Mystery",5.1,nil,"1,261"
 One Piece: Wan pîsu,1999– ,not rated,nil,"Animation, Action, Adventure",9.5,nil,"1,259"
Body Brokers,2021,R,111 min,"Crime, Drama, Thriller",6.2,64        ,"1,256"
Dom,2021– ,not rated,60 min,"Crime, Drama",7.2,nil,"1,254"
Secrets of Sulphur Springs,2021– ,not rated,24 min,"Adventure, Drama, Family",7.8,nil,"1,254"
Helllo Jee,2021– ,not rated,22 min,"Romance, Thriller",7.9,nil,"1,249"
 Jujutsu Kaisen,2020– ,not rated,24 min,"Animation, Action, Adventure",8.2,nil,"1,246"
 Jupiter's Legacy,2021,not rated,35 min,"Action, Adventure, Drama",7.0,nil,"1,245"
OK Computer,2021– ,not rated,240 min,"Comedy, Crime, Mystery",5.4,nil,"1,244"
 One Piece: Wan pîsu,1999– ,not rated,nil,"Animation, Action, Adventure",9.3,nil,"1,243"
P!nk: All I Know So Far,2021,not rated,99 min,"Documentary, Biography, Music",7.9,60        ,"1,241"
 Your Honor,2020–2021,12,58 min,"Crime, Drama, Thriller",7.7,nil,"1,239"
"Money, Explained",2021,not rated,23 min,Documentary,6.9,nil,"1,234"
 Young Rock,2021– ,not rated,21 min,Comedy,7.9,nil,"1,234"
Seobok,2021,not rated,114 min,"Action, Sci-Fi, Thriller",6.2,nil,"1,233"
Bad Luck Banging or Loony Porn,2021,16,106 min,"Comedy, Drama",6.8,67        ,"1,231"
Kill Plan,2021,not rated,71 min,Thriller,5.2,nil,"1,229"
 Fear the Walking Dead,2015– ,not rated,45 min,"Drama, Horror, Sci-Fi",8.1,nil,"1,227"
 One Piece: Wan pîsu,1999– ,not rated,nil,"Animation, Action, Adventure",9.4,nil,"1,226"
Son Yaz,2021– ,not rated,120 min,Drama,7.9,nil,"1,225"
 Anne Boleyn,2021– ,not rated,nil,"Drama, History",3.9,nil,"1,213"
Kenan,2021– ,not rated,nil,Comedy,5.6,nil,"1,208"
 One Piece: Wan pîsu,1999– ,not rated,nil,"Animation, Action, Adventure",9.1,nil,"1,204"
Headspace: Guide to Meditation,2021,not rated,173 min,"Documentary, Animation",8.5,nil,"1,199"
Ci sha xiao shuo jia,2021,not rated,130 min,"Action, Adventure, Crime",6.3,nil,"1,197"
Marvel Studios: Assembled,2021– ,not rated,58 min,Documentary,8.0,nil,"1,189"
Madre Solo hay Dos,2021– ,12,nil,"Comedy, Drama, Fantasy",7.4,nil,"1,186"
 The Flash,2014– ,12,42 min,"Action, Adventure, Drama",6.5,nil,"1,185"
Ride or Die,III 2021,16,142 min,"Drama, Romance, Thriller",5.5,64        ,"1,177"
 Your Honor,2020–2021,12,52 min,"Crime, Drama, Thriller",8.1,nil,"1,175"
 Riverdale,2017– ,12,41 min,"Crime, Drama, Mystery",7.6,nil,"1,173"
 Resident Alien,2021– ,not rated,44 min,"Comedy, Drama, Mystery",7.9,nil,"1,171"
 One Piece: Wan pîsu,1999– ,not rated,nil,"Animation, Action, Adventure",9.6,nil,"1,170"
 Re:Zero kara hajimeru isekai seikatsu,2016– ,not rated,30 min,"Animation, Adventure, Drama",9.7,nil,"1,165"
1962: the War in the Hills,2021– ,not rated,45 min,"Action, Adventure, Drama",6.2,nil,"1,162"
 Young Rock,2021– ,not rated,nil,Comedy,8.7,nil,"1,159"
Physical,2021– ,not rated,nil,"Comedy, Drama",7.0,nil,"1,159"
 Jupiter's Legacy,2021,not rated,44 min,"Action, Adventure, Drama",7.2,nil,"1,158"
Sweet & Sour,2021,not rated,101 min,"Comedy, Romance",6.8,nil,"1,157"
Elite Short Stories: Carla Samuel,2021,not rated,43 min,"Short, Drama, Romance",7.1,nil,"1,154"
The Stay,2021,not rated,87 min,Thriller,6.4,nil,"1,150"
Sensation,2021,not rated,96 min,"Mystery, Sci-Fi, Thriller",4.4,nil,"1,150"
Cold Case,2021,not rated,139 min,"Horror, Mystery, Thriller",6.3,nil,"1,149"
Detective Chinatown 3,2021,12,136 min,"Action, Adventure, Comedy",5.7,nil,"1,146"
 Young Rock,2021– ,not rated,nil,Comedy,7.9,nil,"1,144"
Vivy: Fluorite Eye's Song,2021– ,not rated,nil,"Animation, Action, Sci-Fi",8.7,nil,"1,144"
Hoodman,2021,not rated,98 min,"Crime, Horror, Thriller",6.2,nil,"1,142"
 Young Rock,2021– ,not rated,nil,Comedy,8.2,nil,"1,138"
Elite Short Stories: Guzmán Caye Rebe,2021,not rated,36 min,"Short, Crime, Drama",7.5,nil,"1,135"
 The Blacklist,2013– ,not rated,43 min,"Crime, Drama, Mystery",8.7,nil,"1,135"
Agent Revelation,2021,not rated,86 min,"Action, Sci-Fi, Thriller",5.6,nil,"1,133"
Downfalls High,2021,not rated,46 min,"Drama, Musical, Romance",7.5,nil,"1,128"
A (Ad Infinitum),2021,not rated,153 min,"Family, Thriller",8.4,nil,"1,127"
 IMDb on the Scene - Interviews,2017– ,not rated,nil,Talk-Show,7.9,nil,"1,118"
"Ni hao, Li Huan Ying",2021,not rated,128 min,"Comedy, Drama, Fantasy",7.1,nil,"1,116"
 Snowpiercer,2020– ,16,47 min,"Action, Drama, Sci-Fi",7.9,nil,"1,114"
 Resident Alien,2021– ,not rated,45 min,"Comedy, Drama, Mystery",8.2,nil,"1,112"
 Snowpiercer,2020– ,16,46 min,"Action, Drama, Sci-Fi",8.4,nil,"1,111"
 Wynonna Earp,2016–2021,16,nil,"Action, Drama, Fantasy",9.3,nil,"1,109"
Trigger Point,2021,not rated,85 min,"Action, Thriller",4.8,nil,"1,105"
 The Flash,2014– ,12,42 min,"Action, Adventure, Drama",7.5,nil,"1,104"
Check,2021,not rated,140 min,Action,6.6,nil,"1,104"
Rutherford Falls,2021– ,not rated,nil,Comedy,6.5,nil,"1,103"
 Resident Alien,2021– ,not rated,46 min,"Comedy, Drama, Mystery",8.4,nil,"1,102"
 Supergirl,2015–2021,16,nil,"Action, Adventure, Drama",7.9,nil,"1,101"
Boogie,2021,R,90 min,"Drama, Sport",5.2,54        ,"1,101"
 Walker,2021– ,not rated,42 min,"Action, Crime, Drama",6.9,nil,"1,100"
 The Flash,2014– ,12,42 min,"Action, Adventure, Drama",6.6,nil,"1,099"
 Anne Boleyn,2021– ,not rated,nil,"Drama, History",3.9,nil,"1,099"
Khuda Aur Mohabbat 3,2021,not rated,40 min,Drama,9.2,nil,"1,098"
 The Handmaid's Tale,2017– ,16,52 min,"Drama, Sci-Fi, Thriller",8.3,nil,"1,098"
 Young Rock,2021– ,not rated,nil,Comedy,8.3,nil,"1,097"
A Glitch in the Matrix,2021,not rated,108 min,Documentary,5.2,62        ,"1,096"
Tony Parker: The Final Shot,2021,not rated,98 min,"Documentary, Biography, Sport",6.7,nil,"1,094"
 Superman and Lois,2021– ,not rated,nil,"Action, Adventure, Drama",8.6,nil,"1,094"
 Bang Baang,2021– ,not rated,nil,"Action, Thriller",9.3,nil,"1,091"
Akinci,2021– ,not rated,120 min,"Action, Adventure, Crime",2.6,nil,"1,091"
 Sweet Tooth,2021– ,not rated,nil,"Action, Adventure, Drama",8.3,nil,"1,091"
 Line of Duty,2012– ,12,57 min,"Crime, Drama, Mystery",9.2,nil,"1,090"
 Star Wars: The Bad Batch,2021– ,not rated,25 min,"Animation, Action, Adventure",8.5,nil,"1,090"
LOL - Chi ride è fuori,2021– ,not rated,nil,Comedy,7.4,nil,"1,090"
Play Back,2021,not rated,138 min,"Crime, Fantasy, Romance",8.2,nil,"1,088"
 Black Clover,2017–2021,not rated,24 min,"Animation, Action, Adventure",9.5,nil,"1,087"
Clairevoyant,2021,not rated,90 min,"Comedy, Drama",7.9,nil,"1,086"
 Behind Her Eyes,2021,16,50 min,"Drama, Mystery, Thriller",7.0,nil,"1,085"
 Jupiter's Legacy,2021,not rated,48 min,"Action, Adventure, Drama",6.9,nil,"1,085"
 The Rookie,2018– ,12,nil,"Comedy, Crime, Drama",5.9,nil,"1,084"
 One Piece: Wan pîsu,1999– ,not rated,nil,"Animation, Action, Adventure",9.4,nil,"1,081"
Live Telecast,2021– ,not rated,32 min,Horror,4.2,nil,"1,079"
 Master of None,2015– ,12,55 min,"Comedy, Drama",5.8,nil,"1,076"
Mehndi Hai Rachne Waali,2021– ,not rated,nil,"Drama, Romance",8.8,nil,"1,076"
 Fate: The Winx Saga,2021– ,not rated,53 min,"Action, Adventure, Drama",7.2,nil,"1,074"
 The Rookie,2018– ,12,42 min,"Comedy, Crime, Drama",6.1,nil,"1,071"
Mohanagar,2021– ,not rated,nil,Thriller,8.8,nil,"1,067"
 Lupin,2021– ,12,43 min,"Action, Crime, Drama",7.1,nil,"1,063"
 The Blacklist,2013– ,not rated,42 min,"Crime, Drama, Mystery",8.9,nil,"1,061"
The Candidate,2021,not rated,nil,"Short, Horror",9.0,nil,"1,060"
El Internado: Las Cumbres,2021– ,not rated,nil,"Drama, Mystery, Thriller",6.5,nil,"1,059"
Sasquatch,2021,not rated,138 min,"Documentary, Crime, History",6.2,nil,"1,057"
 Jupiter's Legacy,2021,not rated,56 min,"Action, Adventure, Drama",7.9,nil,"1,055"
Zero Chill,2021– ,AL,nil,"Comedy, Drama, Family",5.7,nil,"1,054"
 It's a Sin,2021,12,49 min,"Comedy, Drama, History",9.4,nil,"1,054"
 The Blacklist,2013– ,not rated,42 min,"Crime, Drama, Mystery",6.4,nil,"1,047"
Safer at Home,2021,not rated,82 min,Thriller,4.8,35        ,"1,045"
 Fear the Walking Dead,2015– ,not rated,nil,"Drama, Horror, Sci-Fi",8.2,nil,"1,044"
"Ijiranaide, Nagatoro-san",2021– ,not rated,24 min,"Animation, Comedy, Romance",7.6,nil,"1,044"
The Force Awakens from Its Nap,2021,not rated,3 min,"Animation, Short, Comedy",6.2,nil,"1,043"
Hükümsüz,2021– ,not rated,40 min,"Drama, Mystery, Thriller",6.9,nil,"1,043"
 It's a Sin,2021,12,46 min,"Comedy, Drama, History",8.5,nil,"1,043"
True,2021,not rated,92 min,Thriller,8.8,nil,"1,042"
 The Blacklist,2013– ,not rated,43 min,"Crime, Drama, Mystery",8.6,nil,"1,041"
 IMDb on the Scene - Interviews,2017– ,not rated,nil,Talk-Show,9.3,nil,"1,040"
 The Blacklist,2013– ,not rated,43 min,"Crime, Drama, Mystery",7.3,nil,"1,038"
 Yakusoku no Neverland,2019–2021,not rated,23 min,"Animation, Adventure, Drama",8.1,nil,"1,038"
North Hollywood,2021,not rated,93 min,"Comedy, Drama",6.2,nil,"1,035"
 Yakusoku no Neverland,2019–2021,not rated,23 min,"Animation, Adventure, Drama",6.4,nil,"1,034"
 Fumetsu no Anata e,2021– ,not rated,25 min,"Animation, Adventure, Drama",9.7,nil,"1,032"
Firebird,2021,not rated,107 min,"Drama, Romance",8.2,nil,"1,025"
Tempt Raja,2021,not rated,108 min,Comedy,9.1,nil,"1,025"
Pai em Dobro,2021,not rated,103 min,"Comedy, Drama, Family",5.7,nil,"1,025"
Utmark,2021– ,not rated,nil,"Comedy, Drama",7.9,nil,"1,025"
 Bang Baang,2021– ,not rated,nil,"Action, Thriller",9.4,nil,"1,023"
 It's a Sin,2021,12,48 min,"Comedy, Drama, History",9.2,nil,"1,022"
 Jupiter's Legacy,2021,not rated,36 min,"Action, Adventure, Drama",7.4,nil,"1,020"
 The Flash,2014– ,12,42 min,"Action, Adventure, Drama",7.5,nil,"1,017"
Amend: The Fight for America,I 2021,not rated,nil,"Documentary, History",7.9,nil,"1,016"
Call Your Mother,2021,not rated,22 min,Comedy,5.2,nil,"1,016"
 Bang Baang,2021– ,not rated,nil,"Action, Thriller",9.4,nil,"1,015"
 This Is Us,2016–2022,9,43 min,"Comedy, Drama, Romance",9.1,nil,"1,012"
 One Piece: Wan pîsu,1999– ,not rated,nil,"Animation, Action, Adventure",9.2,nil,"1,011"
Breaking Boundaries: The Science of Our Planet,2021,not rated,73 min,Documentary,7.8,nil,"1,007"
 Bang Baang,2021– ,not rated,nil,"Action, Thriller",9.3,nil,"1,006"
 Yakusoku no Neverland,2019–2021,not rated,23 min,"Animation, Adventure, Drama",7.8,nil,"1,006"
 Fate: The Winx Saga,2021– ,not rated,53 min,"Action, Adventure, Drama",8.2,nil,"1,004"
 Wynonna Earp,2016–2021,16,43 min,"Action, Drama, Fantasy",9.5,nil,"1,000"
 Fear the Walking Dead,2015– ,not rated,42 min,"Drama, Horror, Sci-Fi",7.3,nil,"1,000"
 Yakusoku no Neverland,2019–2021,not rated,23 min,"Animation, Adventure, Drama",7.0,nil,997
Seni Buldum Ya,2021,not rated,82 min,Comedy,6.2,nil,997
Queen of Beggars Aka Malake Gedayan,2021– ,not rated,nil,"Drama, Mystery, Romance",5.1,nil,996
 Superman and Lois,2021– ,not rated,nil,"Action, Adventure, Drama",8.8,nil,995
 The Good Doctor,2017– ,12,43 min,Drama,5.0,nil,994
 Jupiter's Legacy,2021,not rated,48 min,"Action, Adventure, Drama",7.1,nil,994
 The Stand,2020–2021,not rated,60 min,"Adventure, Drama, Fantasy",6.9,nil,993
The Houseboat,2021– ,not rated,nil,Documentary,7.3,nil,992
 Bang Baang,2021– ,not rated,nil,"Action, Thriller",9.3,nil,990
400 Bullets,2021,not rated,89 min,Action,4.6,nil,988
United States of Al,2021– ,not rated,30 min,Comedy,5.9,nil,987
 Wynonna Earp,2016–2021,16,43 min,"Action, Drama, Fantasy",9.5,nil,985
Nabillera,2021– ,not rated,60 min,Drama,8.8,nil,984
 Bang Baang,2021– ,not rated,nil,"Action, Thriller",9.3,nil,980
Ninnila Ninnila,2021,not rated,118 min,"Comedy, Romance",7.7,nil,980
 Grey's Anatomy,2005– ,6,nil,"Drama, Romance",5.1,nil,979
Devineni,2021,not rated,122 min,Drama,9.7,nil,979
 Superstore,2015–2021,AL,nil,Comedy,9.6,nil,978
 The Nevers,2021– ,16,63 min,"Action, Drama, Fantasy",7.8,nil,977
 Line of Duty,2012– ,12,57 min,"Crime, Drama, Mystery",9.1,nil,974
 Jupiter's Legacy,2021,not rated,44 min,"Action, Adventure, Drama",7.4,nil,974
Zero,2021– ,not rated,27 min,"Action, Comedy, Drama",5.6,nil,974
Aarkkariyam,2021,not rated,126 min,Drama,7.0,nil,973
 Wynonna Earp,2016–2021,16,43 min,"Action, Drama, Fantasy",9.3,nil,972
 Dracula,2021– ,not rated,nil,"Comedy, Drama",9.6,nil,972
 Bang Baang,2021– ,not rated,nil,"Action, Thriller",9.3,nil,968
 Bang Baang,2021– ,not rated,nil,"Action, Thriller",9.3,nil,959
Elite Short Stories: Nadia Guzmán,2021,not rated,33 min,"Short, Drama, Romance",6.4,nil,958
Eoneu Nal Uri Jib Hyeongwaeuro Myeolmangyi Deuleowassda,2021– ,not rated,65 min,"Drama, Fantasy, Romance",8.5,nil,957
 Bang Baang,2021– ,not rated,nil,"Action, Thriller",9.3,nil,956
Gaia,2021,R,96 min,"Drama, Fantasy, Horror",5.5,64        ,953
 One Piece: Wan pîsu,1999– ,not rated,nil,"Animation, Action, Adventure",9.3,nil,948
 Formula 1: Drive to Survive,2019– ,12,51 min,"Documentary, Sport",9.4,nil,948
Glaciär,2021,not rated,88 min,Drama,6.2,nil,947
Taking a Shot at Love,2021 TV Movie,not rated,84 min,"Drama, Romance",7.2,nil,942
It Was Always You,2021 TV Movie,not rated,86 min,"Comedy, Drama, Romance",7.1,nil,940
 The Stand,2020–2021,not rated,61 min,"Adventure, Drama, Fantasy",6.9,nil,937
 The Flash,2014– ,12,42 min,"Action, Adventure, Drama",7.1,nil,937
 Resident Alien,2021– ,not rated,46 min,"Comedy, Drama, Mystery",8.1,nil,935
 Behind Her Eyes,2021,16,49 min,"Drama, Mystery, Thriller",7.2,nil,934
 Line of Duty,2012– ,12,57 min,"Crime, Drama, Mystery",7.8,nil,933
 One Piece: Wan pîsu,1999– ,not rated,nil,"Animation, Action, Adventure",9.1,nil,931
L'ultimo paradiso,2021,not rated,107 min,"Drama, Romance",5.6,nil,931
Dancing Queens,2021,not rated,110 min,"Comedy, Drama",5.4,nil,929
 Sweet Tooth,2021– ,not rated,nil,"Action, Adventure, Drama",8.0,nil,929
 Castlevania,2017–2021,12,24 min,"Animation, Action, Adventure",9.1,nil,927
Law School,2021– ,not rated,65 min,"Crime, Drama, Mystery",8.1,nil,927
 Riverdale,2017– ,12,42 min,"Crime, Drama, Mystery",8.5,nil,926
 It's a Sin,2021,12,47 min,"Comedy, Drama, History",8.7,nil,926
Spirit Untamed,2021,6,88 min,"Animation, Adventure, Family",5.4,48        ,926
 Superman and Lois,2021– ,not rated,nil,"Action, Adventure, Drama",8.6,nil,923
 IMDb on the Scene - Interviews,2017– ,not rated,nil,Talk-Show,7.6,nil,921
 Snowpiercer,2020– ,16,48 min,"Action, Drama, Sci-Fi",7.7,nil,920
 Sweet Tooth,2021– ,not rated,nil,"Action, Adventure, Drama",7.8,nil,917
 Wynonna Earp,2016–2021,16,54 min,"Action, Drama, Fantasy",9.6,nil,911
Hige o Soru. Soshite Joshikousei o Hirou.,2021– ,not rated,23 min,"Animation, Comedy, Drama",7.7,nil,910
 Fate: The Winx Saga,2021– ,not rated,48 min,"Action, Adventure, Drama",7.4,nil,909
 Lupin,2021– ,12,50 min,"Action, Crime, Drama",8.2,nil,907
 Superman and Lois,2021– ,not rated,nil,"Action, Adventure, Drama",9.4,nil,907
 Sweet Tooth,2021– ,not rated,nil,"Action, Adventure, Drama",8.7,nil,906
Elite Short Stories: Omar Ander Alexis,2021,not rated,35 min,"Short, Drama",7.5,nil,902
 Clarice,2021– ,not rated,42 min,"Crime, Drama, Mystery",7.0,nil,900
Seance,2021,16,92 min,"Horror, Mystery",5.3,45        ,900
Dark Web: Cicada 3301,2021,R,104 min,"Action, Comedy, Thriller",4.9,nil,898
 Castlevania,2017–2021,12,24 min,"Animation, Action, Adventure",8.3,nil,897
Sulla Stessa Onda,2021,not rated,99 min,"Drama, Romance, Sport",5.7,nil,896
The Last Cruise,2021,not rated,40 min,"Documentary, Short",6.4,75        ,895
 The Flash,2014– ,12,42 min,"Action, Adventure, Drama",5.7,nil,892
The Lady and the Dale,2021,not rated,212 min,"Documentary, Biography, Crime",6.8,nil,891
Hero Mode,2021,PG,88 min,Comedy,5.1,46        ,891
 Mythic Quest: Raven's Banquet,2020– ,not rated,37 min,Comedy,9.3,nil,890
Security,2021,not rated,118 min,Thriller,4.9,nil,890
 The Serpent,2021,not rated,59 min,"Crime, Drama, Thriller",7.2,nil,885
Ammaa Ki Boli,2021,not rated,117 min,"Comedy, Drama",7.9,nil,884
LOL - Hasse Toh Phasse,2021– ,not rated,nil,Comedy,3.8,nil,884
 The Rookie,2018– ,12,43 min,"Comedy, Crime, Drama",7.9,nil,884
 It's a Sin,2021,12,48 min,"Comedy, Drama, History",9.0,nil,883
Ögrenci Evi,2021– ,not rated,50 min,"Comedy, Drama, Romance",5.6,nil,882
Qubool Hai 2.0,2021– ,not rated,23 min,Romance,8.6,nil,881
 Batwoman,2019– ,not rated,41 min,"Action, Adventure, Crime",5.0,nil,880
 Behind Her Eyes,2021,16,50 min,"Drama, Mystery, Thriller",7.2,nil,879
Nate Bargatze: The Greatest Average American,2021 TV Special,not rated,60 min,Comedy,7.3,nil,876
Ankara,2021– ,not rated,nil,"Action, Drama",7.2,nil,876
 Fate: The Winx Saga,2021– ,not rated,51 min,"Action, Adventure, Drama",7.5,nil,876
Sreekaram,2021,not rated,122 min,Drama,7.0,nil,875
 The Nevers,2021– ,16,56 min,"Action, Drama, Fantasy",8.2,nil,875
 Raketsonyeondan,2021– ,not rated,83 min,"Comedy, Drama, Sport",1.0,nil,874
 Black Clover,2017–2021,not rated,24 min,"Animation, Action, Adventure",9.6,nil,872
 Yakusoku no Neverland,2019–2021,not rated,23 min,"Animation, Adventure, Drama",8.1,nil,871
 Raketsonyeondan,2021– ,not rated,78 min,"Comedy, Drama, Sport",1.0,nil,870
The Lockdown Hauntings,2021,not rated,101 min,Horror,5.4,nil,870
 The Blacklist,2013– ,not rated,43 min,"Crime, Drama, Mystery",8.6,nil,868
 This Is Us,2016–2022,9,43 min,"Comedy, Drama, Romance",8.9,nil,868
 Resident Alien,2021– ,not rated,46 min,"Comedy, Drama, Mystery",8.2,nil,867
 Superman and Lois,2021– ,not rated,nil,"Action, Adventure, Drama",8.8,nil,866
 Riverdale,2017– ,12,42 min,"Crime, Drama, Mystery",7.2,nil,865
 Behind Her Eyes,2021,16,46 min,"Drama, Mystery, Thriller",7.6,nil,865
 Raketsonyeondan,2021– ,not rated,64 min,"Comedy, Drama, Sport",1.0,nil,860
 The Nevers,2021– ,16,57 min,"Action, Drama, Fantasy",8.3,nil,860
 The Rookie,2018– ,12,43 min,"Comedy, Crime, Drama",6.3,nil,857
 Snowpiercer,2020– ,16,45 min,"Action, Drama, Sci-Fi",7.7,nil,855
 Lupin,2021– ,12,44 min,"Action, Crime, Drama",7.3,nil,854
 Behind Her Eyes,2021,16,53 min,"Drama, Mystery, Thriller",7.5,nil,854
 Fate: The Winx Saga,2021– ,not rated,50 min,"Action, Adventure, Drama",7.7,nil,852
 The Blacklist,2013– ,not rated,43 min,"Crime, Drama, Mystery",6.5,nil,850
 The Blacklist,2013– ,not rated,42 min,"Crime, Drama, Mystery",6.5,nil,849
 Resident Alien,2021– ,not rated,45 min,"Comedy, Drama, Mystery",8.2,nil,847
Ghost Lab,2021,not rated,117 min,"Drama, Horror, Thriller",5.2,nil,846
Kemono Jihen,2021– ,not rated,24 min,"Animation, Action, Fantasy",7.5,nil,846
 Snowpiercer,2020– ,16,47 min,"Action, Drama, Sci-Fi",8.2,nil,845
 Allen v. Farrow,2021,12,56 min,"Documentary, Biography, Crime",5.1,nil,843
 X-Ray: Selected Satyajit Shorts,2021– ,not rated,nil,"Crime, Drama, Thriller",7.9,nil,838
 The Flash,2014– ,12,42 min,"Action, Adventure, Drama",5.9,nil,834
 Walker,2021– ,not rated,42 min,"Action, Crime, Drama",7.4,nil,834
 Castlevania,2017–2021,12,24 min,"Animation, Action, Adventure",8.2,nil,831
Oprah with Meghan and Harry: A CBS Primetime Special,2021 TV Special,AL,86 min,Talk-Show,5.2,nil,831
 Resident Alien,2021– ,not rated,46 min,"Comedy, Drama, Mystery",8.4,nil,831
 Superman and Lois,2021– ,not rated,nil,"Action, Adventure, Drama",8.8,nil,830
 Fate: The Winx Saga,2021– ,not rated,47 min,"Action, Adventure, Drama",7.5,nil,830
 Castlevania,2017–2021,12,29 min,"Animation, Action, Adventure",8.4,nil,828
 Superstore,2015–2021,AL,nil,Comedy,6.5,nil,827
 Resident Alien,2021– ,not rated,46 min,"Comedy, Drama, Mystery",8.5,nil,827
 Riverdale,2017– ,12,42 min,"Crime, Drama, Mystery",7.5,nil,826
 Tandav,2021– ,not rated,38 min,"Drama, Thriller",5.3,nil,824
The 93rd Oscars,2021 TV Special,not rated,150 min,nil,3.5,nil,824
 The Rookie,2018– ,12,nil,"Comedy, Crime, Drama",6.3,nil,819
 Sweet Tooth,2021– ,not rated,nil,"Action, Adventure, Drama",7.9,nil,819
Kadhanika,2021,not rated,128 min,Thriller,8.9,nil,818
Gekijouban Bishoujo Senshi Sailor Moon Eternal,2021,not rated,160 min,"Animation, Action, Adventure",7.2,nil,818
 Boku no hîrô akademia,2016– ,not rated,24 min,"Animation, Action, Adventure",6.9,nil,817
Chernobyl,2021,not rated,136 min,"Comedy, Drama, History",4.3,nil,815
 The Stand,2020–2021,not rated,57 min,"Adventure, Drama, Fantasy",6.5,nil,814
 This Is Us,2016–2022,9,42 min,"Comedy, Drama, Romance",8.6,nil,814
 Black Clover,2017–2021,not rated,24 min,"Animation, Action, Adventure",9.3,nil,813
 Black Clover,2017–2021,not rated,24 min,"Animation, Action, Adventure",9.6,nil,812
Gwimul,2021– ,not rated,70 min,"Drama, Mystery, Thriller",8.2,nil,809
Contract,2021– ,not rated,nil,Crime,7.4,nil,807
 Yakusoku no Neverland,2019–2021,not rated,23 min,"Animation, Adventure, Drama",6.2,nil,804
Zero Nine,2021,not rated,93 min,"Action, Crime, Thriller",8.6,nil,804
Alludu Adhurs,2021,not rated,149 min,"Action, Comedy",3.3,nil,804
Ishk Par Zor Nahin,2021– ,not rated,nil,Drama,9.0,nil,803
 Yakusoku no Neverland,2019–2021,not rated,23 min,"Animation, Adventure, Drama",6.5,nil,803
Punky Brewster,2021– ,not rated,nil,Comedy,6.9,nil,803
 Snowpiercer,2020– ,16,48 min,"Action, Drama, Sci-Fi",7.9,nil,799
 The Flash,2014– ,12,42 min,"Action, Adventure, Drama",6.0,nil,798
Topi,2021,not rated,60 min,"Drama, Thriller",6.8,nil,798
 American Gods,2017–2021,16,51 min,"Drama, Fantasy, Mystery",6.3,nil,798
 This Is Us,2016–2022,9,43 min,"Comedy, Drama, Romance",8.2,nil,796
Kisah untuk Geri,2021,not rated,nil,"Drama, Romance",9.6,nil,795
 Snowpiercer,2020– ,16,47 min,"Action, Drama, Sci-Fi",7.2,nil,795
Kamali from Nadukkaveri,2021,not rated,147 min,Drama,7.7,nil,792
 Castlevania,2017–2021,12,28 min,"Animation, Action, Adventure",8.3,nil,789
 The Stand,2020–2021,not rated,49 min,"Adventure, Drama, Fantasy",6.4,nil,788
 Lupin,2021– ,12,41 min,"Action, Crime, Drama",7.4,nil,787
Stanley Tucci: Searching for Italy,2021– ,not rated,60 min,"Documentary, Reality-TV",8.7,nil,787
 Castlevania,2017–2021,12,25 min,"Animation, Action, Adventure",8.4,nil,785
 Castlevania,2017–2021,12,26 min,"Animation, Action, Adventure",8.3,nil,785
 The Blacklist,2013– ,not rated,43 min,"Crime, Drama, Mystery",6.4,nil,783
 Tandav,2021– ,not rated,29 min,"Drama, Thriller",4.7,nil,781
 Sweet Tooth,2021– ,not rated,nil,"Action, Adventure, Drama",8.6,nil,778
Canine Intervention,2021– ,not rated,nil,"Documentary, Reality-TV",6.5,nil,777
 The Rookie,2018– ,12,nil,"Comedy, Crime, Drama",7.7,nil,774
 Line of Duty,2012– ,12,58 min,"Crime, Drama, Mystery",8.3,nil,771
Power Play,2021,not rated,135 min,Thriller,7.2,nil,769
 American Gods,2017–2021,16,56 min,"Drama, Fantasy, Mystery",7.5,nil,767
 Sweet Tooth,2021– ,not rated,nil,"Action, Adventure, Drama",8.0,nil,766
 Batwoman,2019– ,not rated,42 min,"Action, Adventure, Crime",5.6,nil,765
 The Blacklist,2013– ,not rated,42 min,"Crime, Drama, Mystery",7.2,nil,764
 Line of Duty,2012– ,12,58 min,"Crime, Drama, Mystery",8.2,nil,763
 The Blacklist,2013– ,not rated,42 min,"Crime, Drama, Mystery",8.7,nil,763
Zoya,2021,not rated,105 min,"Drama, War",3.8,nil,763
As Luck Would Have It,2021 TV Movie,not rated,86 min,"Drama, Romance",7.0,nil,763
 The Stand,2020–2021,not rated,57 min,"Adventure, Drama, Fantasy",6.6,nil,759
 Night Stalker: The Hunt for a Serial Killer,2021,16,48 min,"Documentary, Crime, Mystery",7.6,nil,759
Creation Stories,2021,not rated,105 min,"Biography, Drama, Music",6.2,61        ,754
 X-Ray: Selected Satyajit Shorts,2021– ,not rated,nil,"Crime, Drama, Thriller",8.5,nil,753
 Servant,2019– ,not rated,26 min,"Drama, Horror, Mystery",7.3,nil,752
 Debris,2021,not rated,43 min,"Drama, Mystery, Sci-Fi",7.4,nil,749
Janowar,2021,not rated,77 min,"Crime, Drama, Thriller",8.2,nil,747
Devarakondalo Vijay Premakatha,2021,not rated,nil,Drama,8.4,nil,746
 Riverdale,2017– ,12,41 min,"Crime, Drama, Mystery",6.9,nil,745
 The Blacklist,2013– ,not rated,43 min,"Crime, Drama, Mystery",6.8,nil,743
Dvorets dlya Putina. Istoriya samoy bolshoy vzyatki,2021,not rated,113 min,Documentary,8.9,nil,742
Kabadadaari,2021,not rated,146 min,"Crime, Drama, Thriller",6.5,nil,741
To Olivia,2021,not rated,99 min,Drama,6.5,nil,740
Time to Dance,2021,not rated,113 min,"Musical, Romance",1.8,nil,739
 Lupin,2021– ,12,47 min,"Action, Crime, Drama",7.9,nil,738
 Boruto: Naruto Next Generations,2017– ,not rated,24 min,"Animation, Action, Adventure",9.3,nil,737
That Damn Michael Che,2021– ,not rated,30 min,Comedy,7.5,nil,737
 Inside No. 9,2014– ,12,nil,"Comedy, Drama, Horror",6.7,nil,737
Secret of the Ninth,2021,not rated,57 min,Documentary,9.2,nil,736
Animals on the Loose: A You vs. Wild Movie,2021 TV Movie,not rated,90 min,"Adventure, Reality-TV",5.9,nil,736
 Line of Duty,2012– ,12,57 min,"Crime, Drama, Mystery",8.4,nil,734
Pørni,2021– ,not rated,nil,"Comedy, Drama",8.4,nil,733
Kid Cosmic,2021– ,not rated,25 min,"Animation, Action, Adventure",8.1,nil,732
 The Stand,2020–2021,not rated,49 min,"Adventure, Drama, Fantasy",5.2,nil,730
 Snowpiercer,2020– ,16,48 min,"Action, Drama, Sci-Fi",7.3,nil,730
Batya,2021,not rated,76 min,"Comedy, Drama",6.7,nil,728
When NEET aspirant met an IIT aspirant,2021,not rated,46 min,"Comedy, Romance",9.8,nil,727
 The Blacklist,2013– ,not rated,42 min,"Crime, Drama, Mystery",8.5,nil,725
Newton's Cradle,2021– ,not rated,nil,"Drama, Thriller",8.4,nil,724
Donny's Bar Mitzvah,2021,not rated,79 min,"Comedy, Drama",7.3,nil,723
 Black Clover,2017–2021,not rated,24 min,"Animation, Action, Adventure",9.4,nil,723
R.I.A.,2021,not rated,95 min,"Crime, Sci-Fi, Thriller",4.7,nil,721
 This Is Us,2016–2022,9,43 min,"Comedy, Drama, Romance",8.3,nil,721
 Master of None,2015– ,12,52 min,"Comedy, Drama",6.8,nil,719
 Master of None,2015– ,12,25 min,"Comedy, Drama",5.7,nil,719
Trust,II 2021,not rated,94 min,"Drama, Romance",5.4,nil,718
Edge of the World,2021,not rated,104 min,"Adventure, Drama",5.1,42        ,718
RuPaul's Drag Race Down Under,2021– ,not rated,54 min,"Game-Show, Reality-TV",5.6,nil,718
Arlo the Alligator Boy,2021 TV Movie,6,90 min,"Animation, Adventure, Comedy",6.7,nil,718
Ee Kathalo Paathralu Kalpitam,2021,not rated,119 min,"Drama, Thriller",7.1,nil,718
Hemingway,2021– ,not rated,120 min,"Documentary, Biography",8.1,nil,717
 The Serpent,2021,not rated,58 min,"Crime, Drama, Thriller",7.5,nil,717
 Them,2021– ,not rated,49 min,"Drama, Horror, Thriller",7.9,nil,716
Endangered Species,2021,16,101 min,"Action, Thriller",4.4,nil,716
 Riverdale,2017– ,12,42 min,"Crime, Drama, Mystery",5.8,nil,715
Me You Madness,2021,R,98 min,Comedy,3.7,7        ,714
 Grey's Anatomy,2005– ,6,nil,"Drama, Romance",6.2,nil,714
Dead Places,2021– ,not rated,45 min,"Adventure, Horror, Thriller",6.8,nil,713
 A Discovery of Witches,2018– ,12,nil,"Drama, Fantasy, Romance",8.0,nil,713
 For All Mankind,2019– ,not rated,56 min,"Drama, Sci-Fi",8.1,nil,712
 This Is Us,2016–2022,9,43 min,"Comedy, Drama, Romance",8.5,nil,710
 Boruto: Naruto Next Generations,2017– ,not rated,24 min,"Animation, Action, Adventure",9.4,nil,710
